Frequency,Recency,MonetaryValue,Cluster
1,325.0,77183.6,1
7,2.0,4310.000000000001,2
4,75.0,1797.24,0
1,18.0,1757.5500000000002,0
1,310.0,334.40000000000003,1
8,36.0,2506.0400000000004,2
1,204.0,89.0,3
1,232.0,1079.4,1
1,214.0,459.4,1
3,22.0,2811.43,0
1,33.0,6207.67,0
2,1.0,1168.06,0
4,57.0,6372.58,0
3,52.0,2662.06,0
1,287.0,189.9,1
10,3.0,5226.230000000001,2
2,109.0,552.0,3
4,7.0,1313.1,0
2,291.0,641.3799999999999,1
1,4.0,168.89999999999998,0
4,51.0,3545.69,0
2,44.0,1887.96,0
3,71.0,1298.0400000000002,0
1,311.0,364.6,1
1,25.0,742.93,0
2,10.0,457.5,0
2,315.0,1628.12,1
1,129.0,4008.62,3
2,81.0,852.24,0
4,21.0,2724.8100000000004,0
5,4.0,1845.3100000000004,0
5,184.0,1850.56,3
2,28.0,585.2700000000001,0
2,337.0,401.9,1
6,15.0,2780.6600000000003,0
1,79.0,549.84,0
1,21.0,460.89,0
4,72.0,1582.6,0
2,63.0,1272.48,0
12,19.0,3018.63,2
2,35.0,2409.9000000000005,0
1,45.0,1635.66,0
4,119.0,1108.65,3
1,303.0,84.3,1
1,323.0,225.6,1
1,49.0,427.7,0
1,148.0,1710.3900000000003,3
2,22.0,3415.3,0
5,49.0,1708.1199999999997,0
5,32.0,2888.55,0
3,78.0,11072.67,0
2,308.0,693.3299999999999,1
3,74.0,1226.88,0
3,66.0,758.1,0
3,217.0,562.41,1
21,24.0,124914.53,2
9,3.0,3649.1,2
1,112.0,668.58,3
1,63.0,600.3900000000001,0
4,15.0,807.0400000000001,0
3,95.0,803.5599999999998,3
8,0.0,1859.31,2
2,162.0,1760.9599999999996,3
1,78.0,777.1999999999999,0
1,194.0,582.73,3
3,21.0,825.8000000000001,0
9,25.0,7956.46,2
4,9.0,3750.4,0
1,43.0,256.4,0
15,35.0,6487.45,2
5,42.0,5059.319999999999,0
7,0.0,13375.87,2
2,84.0,806.14,0
2,79.0,7829.890000000001,0
1,99.0,509.01,3
18,1.0,4951.41,2
2,14.0,2906.8500000000004,0
1,366.0,173.55,1
1,3.0,172.06,0
5,21.0,5005.46,0
1,22.0,133.4,0
1,57.0,1002.31,0
1,243.0,476.49,1
1,44.0,449.4500000000001,0
4,22.0,4067.29,0
2,156.0,197.88,3
5,10.0,9035.52,0
2,16.0,430.57,0
1,134.0,707.09,3
1,56.0,3528.34,0
6,73.0,2466.86,0
3,44.0,3181.04,0
7,66.0,2363.23,0
2,71.0,947.4,0
2,94.0,826.88,3
2,18.0,1189.59,0
4,53.0,1344.7800000000002,0
8,10.0,1212.05,2
2,17.0,742.19,0
2,187.0,729.54,3
30,2.0,19824.050000000003,2
7,32.0,6572.110000000001,2
5,29.0,3938.55,0
18,17.0,7375.79,2
1,53.0,723.3799999999999,0
11,15.0,6816.42,2
6,22.0,13219.740000000002,2
1,3.0,680.9900000000001,0
1,11.0,527.2,0
4,28.0,3281.63,0
10,22.0,5596.320000000001,2
8,17.0,2484.98,2
6,32.0,4541.719999999999,2
3,9.0,1298.6600000000003,0
1,336.0,334.93,1
10,5.0,5417.93,2
1,38.0,460.4,0
2,63.0,263.21,0
2,165.0,433.74,3
7,15.0,1246.1,2
1,81.0,1043.1,0
3,21.0,403.7,0
11,23.0,4257.820000000001,2
1,336.0,2169.3900000000003,1
5,95.0,3723.87,3
2,18.0,482.05,0
1,232.0,73.50000000000001,1
3,134.0,1304.81,3
2,26.0,398.27,0
1,284.0,176.5,1
2,142.0,982.57,3
2,66.0,138.03,0
1,112.0,612.2900000000001,3
1,267.0,1017.68,1
1,353.0,383.7000000000001,1
2,77.0,1312.06,0
5,28.0,2502.84,0
5,0.0,2056.89,0
1,63.0,340.84000000000003,0
5,79.0,2634.26,0
1,142.0,599.68,3
2,39.0,192.72000000000003,0
11,19.0,1789.77,2
8,9.0,4485.719999999999,2
3,0.0,1316.6600000000003,0
3,81.0,348.71000000000004,0
6,9.0,1933.48,0
4,59.0,1662.28,0
1,14.0,125.22,0
1,30.0,349.83000000000004,0
1,130.0,1089.18,3
2,91.0,716.35,3
3,43.0,12601.830000000002,0
1,29.0,363.95,0
4,22.0,5568.35,0
17,19.0,13400.24,2
3,29.0,981.1800000000002,0
1,36.0,372.7000000000001,0
2,75.0,1000.39,0
2,46.0,1161.5,0
2,197.0,207.8,3
1,166.0,95.2,3
1,79.0,964.83,0
1,357.0,168.0,1
2,38.0,437.82,0
10,8.0,3692.28,2
2,50.0,603.7099999999999,0
5,16.0,11990.96,0
1,7.0,269.96000000000004,0
2,310.0,561.7099999999999,1
3,5.0,2134.01,0
1,302.0,238.85,1
7,8.0,3781.7400000000007,2
1,261.0,456.9,1
1,288.0,145.92000000000002,1
1,86.0,351.65,0
10,22.0,9401.28,2
32,2.0,4124.6900000000005,2
2,39.0,519.61,0
2,8.0,1020.42,0
1,227.0,160.54,1
1,315.0,218.45,1
5,35.0,1315.83,0
3,35.0,657.8,0
2,21.0,2794.51,0
1,78.0,440.42,0
1,246.0,415.7000000000001,1
1,39.0,197.71,0
2,238.0,511.3599999999999,1
15,2.0,7281.379999999999,2
9,3.0,2338.1500000000005,2
2,234.0,2040.1,1
1,17.0,196.94000000000003,0
1,7.0,144.0,0
1,39.0,214.9,0
2,28.0,646.6800000000001,0
2,211.0,9864.26,3
1,317.0,452.85,1
2,92.0,437.6,3
3,108.0,418.0999999999999,3
10,37.0,3338.2200000000003,2
2,51.0,618.27,0
4,19.0,3811.2199999999993,0
8,9.0,3023.0800000000004,2
7,29.0,1032.58,2
10,28.0,2599.04,2
5,189.0,577.0600000000001,3
1,58.0,153.12,0
1,21.0,739.1999999999999,0
2,79.0,254.18,0
1,60.0,1579.51,0
3,78.0,1126.85,0
5,22.0,2099.5400000000004,0
1,52.0,1193.32,0
1,74.0,704.04,0
5,57.0,3344.38,0
1,277.0,315.6,1
4,2.0,2291.19,0
2,95.0,713.3,3
1,29.0,355.53000000000003,0
1,21.0,177.31,0
9,16.0,3641.24,2
3,14.0,1339.41,0
20,1.0,13689.67,2
1,232.0,180.10000000000002,1
1,276.0,305.1,1
2,106.0,641.13,3
2,211.0,2683.82,3
9,23.0,6620.48,2
7,10.0,4478.530000000001,2
3,4.0,786.4599999999999,0
2,9.0,1270.88,0
1,57.0,640.5,0
4,58.0,2163.98,0
2,89.0,1689.18,0
8,67.0,6021.9,2
1,33.0,671.69,0
1,238.0,486.1,1
3,23.0,1174.58,0
1,115.0,185.9,3
3,25.0,1013.26,0
6,128.0,3344.6399999999994,3
1,129.0,477.91,3
4,33.0,1775.1800000000003,0
2,4.0,1346.97,0
12,22.0,3722.82,2
1,154.0,318.04999999999995,3
3,107.0,623.51,3
1,3.0,314.44,0
1,334.0,114.0,1
1,331.0,919.98,1
2,148.0,2209.85,3
5,10.0,601.9799999999999,0
5,17.0,4051.17,0
4,11.0,1643.18,0
1,18.0,686.05,0
1,29.0,91.68,0
1,11.0,245.1,0
11,0.0,3849.78,2
9,8.0,4881.88,2
1,324.0,63.0,1
1,58.0,620.1300000000001,0
4,11.0,3807.15,0
3,150.0,2744.03,3
5,10.0,2996.0500000000006,0
1,329.0,225.9,1
2,5.0,610.52,0
4,38.0,1970.6,0
6,24.0,1331.39,0
12,42.0,17628.46,2
4,58.0,1113.02,0
4,0.0,862.8100000000002,0
22,14.0,13787.54,2
31,3.0,12288.22,2
15,4.0,8476.57,2
7,7.0,2283.63,2
6,28.0,2863.08,0
1,371.0,89.14,1
1,113.0,4873.81,3
2,25.0,1247.61,0
1,205.0,389.01,3
6,28.0,1035.8,0
4,127.0,855.9099999999999,3
2,70.0,869.67,0
4,7.0,582.1,0
3,28.0,957.59,0
4,7.0,4939.99,0
2,79.0,797.71,0
1,19.0,219.0,0
1,71.0,283.55,0
8,7.0,2340.84,2
9,15.0,6868.290000000001,2
1,291.0,603.42,1
10,29.0,2712.91,2
15,15.0,9736.52,2
3,96.0,1149.0200000000002,3
13,28.0,4396.13,2
1,0.0,848.55,0
5,9.0,4708.860000000001,0
1,106.0,353.86,3
2,3.0,1053.4900000000002,0
2,151.0,1030.98,3
1,71.0,238.25,0
2,5.0,644.95,0
25,2.0,5781.73,2
6,31.0,2656.13,0
4,85.0,997.63,0
5,3.0,725.0700000000002,0
4,5.0,1031.41,0
1,371.0,427.8,1
7,28.0,2609.1,2
7,10.0,3980.7,2
4,71.0,836.3299999999999,0
1,113.0,453.0100000000001,3
12,23.0,18895.910000000003,2
1,179.0,236.26000000000005,3
1,234.0,383.95,1
1,352.0,110.4,1
2,315.0,779.57,1
1,332.0,234.00000000000003,1
1,372.0,155.35,1
2,78.0,1013.04,0
1,63.0,427.6,0
2,134.0,546.4300000000001,3
7,51.0,21279.29,2
11,2.0,4196.009999999999,2
209,0.0,33719.73,2
5,3.0,4090.88,0
1,128.0,275.88,3
1,81.0,4366.780000000001,0
6,22.0,21429.39,2
3,235.0,3010.7400000000007,1
2,280.0,3811.95,1
1,86.0,112.08,0
13,15.0,7857.1,2
2,116.0,2791.59,3
3,52.0,1531.44,0
2,7.0,1898.5200000000004,0
2,138.0,494.08,3
1,316.0,1693.88,1
7,3.0,6989.63,2
1,238.0,1143.6,1
1,210.0,1351.4499999999998,1
1,59.0,892.4700000000001,0
5,17.0,1386.0400000000002,0
6,19.0,822.23,0
8,37.0,3981.36,2
2,63.0,826.74,0
5,4.0,2330.9200000000005,0
6,2.0,2225.91,0
2,9.0,574.4200000000001,0
1,364.0,311.95,1
3,9.0,463.66,0
1,65.0,91.85,0
1,192.0,324.9200000000001,3
1,373.0,192.6,1
1,256.0,400.54,1
2,334.0,545.48,1
2,53.0,860.41,0
1,18.0,430.48,0
1,365.0,254.03,1
3,10.0,6977.04,0
1,186.0,427.5799999999999,3
3,36.0,483.65,0
1,177.0,489.31,3
3,260.0,514.8499999999999,1
1,44.0,229.64,0
1,101.0,125.92,3
2,147.0,1063.46,3
2,95.0,572.1999999999999,3
1,281.0,166.04,1
1,261.0,1542.08,1
4,3.0,942.34,0
1,214.0,92.72,1
2,70.0,948.8800000000002,0
5,74.0,1759.5,0
1,59.0,397.12,0
7,2.0,1474.72,2
3,5.0,430.15,0
6,2.0,1018.71,0
2,336.0,293.0,1
6,37.0,6814.640000000001,2
1,262.0,215.05,1
2,32.0,383.03,0
1,145.0,417.38,3
1,282.0,312.38,1
4,59.0,2612.86,0
1,173.0,134.1,3
2,33.0,683.13,0
14,2.0,5591.42,2
4,143.0,2726.77,3
25,4.0,4022.35,2
2,70.0,1118.99,0
8,65.0,1702.2600000000002,2
2,29.0,325.96,0
4,267.0,354.09000000000003,1
1,22.0,871.54,0
2,31.0,1050.89,0
1,96.0,135.18,3
1,294.0,311.55,1
6,134.0,1957.1000000000004,3
3,78.0,1324.5000000000002,0
1,372.0,38.1,1
6,7.0,2179.93,0
2,210.0,1106.4,3
1,52.0,521.2,0
1,138.0,147.12,3
2,26.0,1568.23,0
1,283.0,559.12,1
7,26.0,4036.82,2
6,185.0,1607.0600000000004,3
2,84.0,380.64,0
2,326.0,599.97,1
1,282.0,374.0,1
2,143.0,343.2300000000001,3
2,57.0,2218.020000000001,0
12,3.0,1535.7700000000002,2
2,236.0,854.99,1
3,44.0,573.22,0
1,275.0,298.0,1
2,9.0,1463.0399999999995,0
4,24.0,703.47,0
1,88.0,309.05000000000007,0
3,63.0,1175.2199999999998,0
2,67.0,1378.4,0
2,214.0,354.12,1
1,24.0,380.47,0
3,185.0,331.0,3
1,30.0,188.14,0
2,42.0,372.8,0
2,204.0,216.5,3
28,8.0,17654.539999999997,2
1,264.0,138.67999999999998,1
2,18.0,509.58,0
5,11.0,2919.81,0
2,176.0,750.0,3
5,39.0,2178.67,0
8,23.0,3075.0400000000004,2
5,2.0,1662.3000000000002,0
5,4.0,2483.63,0
2,148.0,363.65,3
4,138.0,3006.15,3
1,128.0,594.0,3
6,8.0,1335.19,0
1,17.0,164.23000000000002,0
37,9.0,16587.09,2
1,161.0,405.38,3
1,64.0,176.97,0
4,88.0,933.7000000000002,0
2,4.0,694.05,0
5,35.0,2062.7,0
1,311.0,117.85,1
2,78.0,415.8,0
15,21.0,42055.96,2
3,24.0,607.53,0
7,2.0,2160.7,2
4,17.0,1063.9,0
4,15.0,1504.2700000000002,0
1,25.0,114.14,0
8,64.0,11581.8,2
2,54.0,913.54,0
3,131.0,683.9000000000001,3
2,35.0,604.51,0
1,288.0,462.9500000000001,1
6,143.0,1603.99,3
7,16.0,2064.95,2
8,30.0,4167.22,2
3,2.0,1843.0,0
6,8.0,1064.07,0
4,5.0,1387.79,0
1,9.0,329.85,0
11,1.0,4757.160000000001,2
1,306.0,108.07,1
8,9.0,4017.54,2
2,7.0,266.39,0
8,8.0,1856.63,2
1,89.0,771.91,0
1,9.0,160.18,0
2,358.0,1660.9,1
1,112.0,135.95,3
4,7.0,452.24000000000007,0
86,3.0,11189.91,2
1,197.0,144.8,3
1,211.0,738.6,1
1,156.0,39.24,3
9,157.0,7374.9,3
2,29.0,372.2199999999999,0
1,242.0,390.54,1
1,18.0,97.5,0
2,0.0,1239.38,0
2,73.0,558.7,0
1,292.0,535.3200000000002,1
15,3.0,6924.110000000001,2
3,31.0,409.5000000000001,0
2,23.0,503.7600000000001,0
4,23.0,414.76,0
3,4.0,974.42,0
1,85.0,211.32,0
4,22.0,1226.89,0
3,196.0,455.88,3
3,106.0,534.8500000000001,3
13,4.0,9818.82,2
1,318.0,120.95,1
3,105.0,149.05,3
18,11.0,5655.91,2
2,173.0,513.6999999999999,3
1,56.0,81.57,0
1,323.0,229.47000000000003,1
1,372.0,50.55,1
8,9.0,1661.84,2
13,1.0,4810.94,2
10,10.0,3466.28,2
5,53.0,3346.28,0
3,73.0,789.8899999999999,0
1,7.0,204.0,0
28,16.0,7277.700000000001,2
9,4.0,2616.38,2
2,64.0,689.9000000000001,0
5,1.0,975.36,0
6,113.0,6912.0,3
2,22.0,661.3200000000002,0
3,30.0,1247.5,0
2,11.0,799.4800000000001,0
2,52.0,1010.1800000000002,0
1,357.0,190.55,1
2,54.0,642.7700000000001,0
2,73.0,921.88,0
3,138.0,881.07,3
3,80.0,908.46,0
2,8.0,676.99,0
1,273.0,516.4200000000001,1
1,291.0,560.47,1
1,99.0,305.28,3
2,30.0,629.31,0
10,31.0,3237.5400000000004,2
4,14.0,1835.91,0
2,64.0,656.6800000000002,0
17,14.0,5836.860000000001,2
1,212.0,348.15000000000003,1
3,78.0,1214.41,0
3,24.0,271.4,0
1,249.0,183.4,1
1,253.0,307.53000000000003,1
1,72.0,248.61,0
1,191.0,346.98,3
4,12.0,1119.4900000000005,0
1,373.0,205.86,1
2,24.0,470.8,0
1,82.0,115.46,0
2,10.0,344.0,0
24,0.0,4436.12,2
1,192.0,228.8,3
1,266.0,177.14999999999998,1
1,129.0,919.61,3
4,1.0,729.2700000000001,0
26,3.0,12627.94,2
5,4.0,220.1,0
1,179.0,58.08,3
11,11.0,28337.38,2
9,126.0,3613.63,3
2,4.0,303.75,0
2,157.0,416.08,3
97,2.0,58825.83,2
14,8.0,8910.819999999998,2
1,28.0,345.82000000000005,0
5,70.0,477.83,0
8,275.0,7832.470000000001,1
12,21.0,1927.32,2
1,70.0,74.4,0
10,32.0,6010.419999999999,2
28,1.0,28882.44,2
1,99.0,207.36,3
1,234.0,101.19,1
24,1.0,6424.089999999999,2
1,39.0,243.94,0
6,3.0,1098.48,0
1,133.0,76.5,3
4,44.0,1531.6200000000003,0
1,372.0,350.05999999999995,1
2,59.0,786.54,0
7,31.0,1488.67,2
24,0.0,12245.96,2
4,11.0,2294.78,0
1,138.0,501.14,3
8,21.0,984.91,2
5,19.0,1197.81,0
1,238.0,30.6,1
1,269.0,283.73,1
2,94.0,922.39,3
3,89.0,3866.33,0
8,4.0,2099.64,2
1,77.0,259.17,0
1,94.0,64.0,3
3,23.0,1073.3000000000002,0
1,261.0,77.3,1
2,273.0,109.79999999999998,1
4,85.0,1793.5800000000004,0
1,196.0,3096.0,3
5,56.0,2607.61,0
8,10.0,3650.41,2
6,22.0,962.39,0
7,16.0,5064.9400000000005,2
3,108.0,423.72,3
5,84.0,2388.75,0
1,19.0,307.0899999999999,0
1,332.0,110.95,1
4,39.0,618.52,0
1,26.0,228.91,0
4,10.0,712.8,0
12,29.0,3707.12,2
4,14.0,1676.0600000000002,0
1,295.0,1257.8700000000003,1
1,5.0,486.22,0
4,33.0,971.7600000000002,0
4,49.0,1741.2199999999998,0
4,94.0,1201.06,3
4,8.0,1437.85,0
1,22.0,91.8,0
1,313.0,112.75,1
4,122.0,1688.2899999999995,3
2,46.0,1021.48,0
1,283.0,417.2000000000001,1
4,18.0,791.3299999999999,0
4,36.0,1319.19,0
2,63.0,712.88,0
1,26.0,116.01,0
3,21.0,468.41,0
2,4.0,353.65000000000003,0
3,16.0,2817.03,0
1,46.0,492.84,0
1,64.0,282.45,0
11,26.0,5725.469999999999,2
1,45.0,121.18,0
9,7.0,3957.7800000000007,2
10,14.0,1701.29,2
1,267.0,71.4,1
3,39.0,1575.89,0
1,337.0,236.02,1
1,11.0,114.6,0
2,18.0,260.67999999999995,0
2,95.0,911.9400000000002,3
1,61.0,117.88,0
1,135.0,60.7,3
4,11.0,1797.7800000000002,0
6,10.0,3401.24,2
38,3.0,9817.12,2
4,19.0,870.0900000000001,0
4,9.0,869.46,0
2,15.0,250.26000000000005,0
6,58.0,1223.9,0
8,30.0,5891.61,2
1,93.0,353.48,3
3,10.0,1197.42,0
3,19.0,788.08,0
5,56.0,1520.5800000000002,0
1,267.0,333.74,1
3,122.0,533.98,3
1,127.0,62.64,3
4,78.0,819.29,0
2,240.0,847.4100000000001,1
2,200.0,163.20000000000002,3
2,60.0,2155.95,0
7,3.0,6463.84,2
1,273.0,108.21,1
1,201.0,257.7,3
1,81.0,358.0,0
1,225.0,160.95,1
14,4.0,2806.9700000000003,2
7,12.0,1357.6,2
2,74.0,605.1199999999999,0
1,212.0,1031.0700000000002,1
2,24.0,744.85,0
4,17.0,700.7299999999999,0
1,261.0,329.56,1
4,96.0,663.65,3
3,112.0,270.40000000000003,3
1,203.0,600.0700000000002,3
1,92.0,121.74,3
1,50.0,430.5,0
6,18.0,1987.3,0
4,17.0,501.12,0
2,124.0,465.68,3
3,92.0,711.41,3
2,156.0,1030.4,3
2,9.0,399.51,0
3,11.0,698.5799999999999,0
1,61.0,292.31999999999994,0
1,61.0,557.62,0
2,268.0,944.1,1
1,263.0,200.29,1
35,1.0,7454.07,2
5,53.0,2107.6600000000003,0
12,11.0,3834.26,2
19,2.0,4521.49,2
11,17.0,3214.69,2
15,1.0,5346.23,2
1,366.0,590.0,1
1,37.0,217.38,0
2,31.0,276.56000000000006,0
1,113.0,138.98000000000002,3
2,63.0,590.93,0
4,15.0,258.4,0
1,40.0,542.73,0
1,78.0,137.75,0
3,122.0,814.86,3
3,18.0,1132.14,0
2,59.0,93.66,0
1,330.0,201.19,1
4,23.0,2709.1200000000003,0
1,155.0,361.11,3
2,38.0,578.9399999999999,0
2,189.0,873.74,3
1,359.0,201.20000000000005,1
1,137.0,87.4,3
4,7.0,2089.85,0
1,1.0,360.0,0
1,268.0,142.5,1
1,169.0,371.89,3
4,103.0,618.09,3
1,155.0,63.75,3
1,351.0,300.42,1
10,4.0,2000.86,2
1,120.0,15.0,3
3,22.0,1385.51,0
5,7.0,1456.7900000000002,0
3,28.0,1132.0300000000002,0
2,4.0,598.57,0
5,22.0,1555.32,0
3,1.0,775.94,0
4,37.0,5977.7300000000005,0
6,66.0,2273.6800000000003,0
3,1.0,640.7600000000001,0
26,5.0,10845.55,2
4,78.0,1548.6999999999998,0
2,72.0,567.36,0
1,17.0,199.48,0
5,3.0,787.8499999999999,0
10,36.0,7121.95,2
1,81.0,675.3,0
8,38.0,3627.77,2
1,316.0,1308.48,1
2,31.0,789.0,0
3,92.0,1140.93,3
1,14.0,350.9,0
3,82.0,3536.8200000000006,0
1,77.0,795.1200000000001,0
1,157.0,487.02,3
1,200.0,860.12,3
7,45.0,10736.48,2
1,260.0,775.85,1
1,177.0,353.43000000000006,3
3,67.0,2543.7200000000007,0
1,287.0,389.5,1
1,70.0,341.36,0
1,64.0,233.76,0
1,10.0,247.32,0
2,16.0,979.12,0
1,66.0,373.94,0
1,60.0,397.98,0
1,71.0,743.5300000000001,0
1,122.0,674.7,3
1,80.0,768.2400000000001,0
1,257.0,609.95,1
1,268.0,439.03,1
1,63.0,439.56,0
4,9.0,3090.74,0
2,17.0,992.5,0
1,71.0,134.96,0
2,33.0,2225.37,0
1,50.0,56.16,0
2,256.0,623.4,1
1,365.0,308.28,1
1,371.0,754.8700000000001,1
1,89.0,378.64,0
3,60.0,3312.2500000000005,0
1,88.0,778.65,0
3,99.0,1019.76,3
3,26.0,572.5600000000001,0
6,31.0,3639.31,0
1,280.0,222.99,1
7,30.0,4151.93,2
1,329.0,534.57,1
2,131.0,677.1,3
3,11.0,797.9599999999999,0
1,74.0,544.08,0
1,203.0,59.8,3
8,1.0,2520.0200000000004,2
1,185.0,307.72,3
2,29.0,1360.99,0
5,72.0,1544.13,0
1,192.0,457.34,3
2,127.0,621.2300000000002,3
1,17.0,75.0,0
2,1.0,252.49,0
3,74.0,572.4509999999999,0
62,1.0,28117.04,2
5,24.0,1003.0600000000002,0
1,107.0,213.55,3
3,133.0,1390.5,3
2,43.0,712.5,0
2,4.0,640.83,0
18,11.0,6127.43,2
1,63.0,221.06000000000003,0
2,149.0,159.85,3
2,40.0,1851.08,0
1,64.0,2626.3,0
3,108.0,1624.2100000000005,3
10,0.0,3641.32,2
3,19.0,582.6,0
1,10.0,218.47,0
4,10.0,1006.7999999999998,0
2,18.0,679.4499999999999,0
2,67.0,1269.1,0
2,74.0,534.24,0
7,5.0,3809.89,2
1,1.0,196.89,0
7,14.0,3408.0600000000004,2
1,255.0,283.71,1
1,91.0,296.64000000000004,3
3,23.0,1129.1400000000003,0
6,16.0,3539.3700000000003,2
1,23.0,291.88000000000005,0
6,26.0,2043.72,0
5,26.0,2976.15,0
2,259.0,590.0,1
2,165.0,356.98,3
2,24.0,1058.34,0
6,17.0,1766.72,0
14,7.0,9646.57,2
2,29.0,183.44,0
3,38.0,1445.0000000000002,0
1,252.0,151.5,1
1,58.0,674.6800000000001,0
1,184.0,307.90000000000003,3
2,10.0,1083.71,0
37,1.0,5704.97,2
2,99.0,165.0,3
4,1.0,2531.58,0
2,60.0,422.64,0
1,236.0,229.59,1
4,191.0,1431.7800000000002,3
2,178.0,1238.4699999999998,3
6,37.0,1454.5800000000002,0
2,200.0,300.95,3
5,45.0,1804.56,0
1,232.0,184.64,1
1,65.0,140.34,0
1,241.0,313.8,1
1,233.0,454.24000000000007,1
3,78.0,1122.41,0
3,57.0,575.4000000000001,0
13,17.0,8968.31,2
4,105.0,449.52,3
10,51.0,1215.8199999999997,2
3,136.0,1269.84,3
2,275.0,618.63,1
1,311.0,316.26000000000005,1
5,7.0,2044.87,0
2,10.0,653.3299999999999,0
2,282.0,348.04999999999995,1
5,17.0,1159.11,0
3,23.0,1166.77,0
1,288.0,1340.32,1
3,16.0,291.99999999999994,0
1,71.0,216.85,0
1,64.0,295.93000000000006,0
4,72.0,4393.63,0
2,316.0,458.52,1
4,3.0,2479.16,0
1,243.0,110.97000000000004,1
7,8.0,979.72,2
4,1.0,1791.56,0
1,260.0,251.21,1
1,126.0,205.1,3
1,73.0,152.20000000000002,0
4,72.0,891.1199999999999,0
3,21.0,1389.41,0
3,59.0,2128.42,0
1,85.0,659.4399999999998,0
1,78.0,122.75,0
6,58.0,3624.35,0
3,1.0,1093.65,0
1,30.0,125.8,0
5,33.0,3964.880000000001,0
5,40.0,680.1800000000001,0
2,14.0,628.78,0
7,33.0,2287.51,2
2,78.0,307.76000000000005,0
2,205.0,483.80000000000007,3
1,33.0,210.30999999999997,0
3,182.0,270.79,3
25,2.0,5870.08,2
7,1.0,3448.29,2
7,43.0,1280.85,0
3,85.0,631.34,0
2,39.0,291.41,0
3,12.0,626.99,0
2,96.0,682.4100000000001,3
7,25.0,918.2,2
1,319.0,91.8,1
12,66.0,3740.07,2
4,73.0,4149.280000000001,0
2,28.0,584.06,0
4,5.0,605.06,0
1,7.0,174.36999999999998,0
1,215.0,141.86,1
3,81.0,1799.33,0
2,84.0,777.53,0
3,144.0,1749.0200000000004,3
2,19.0,240.22,0
2,40.0,874.71,0
1,173.0,192.85,3
2,17.0,373.75,0
1,243.0,239.49000000000004,1
12,12.0,2092.32,2
1,205.0,1384.25,3
2,50.0,294.4,0
5,23.0,732.07,0
18,10.0,6717.34,2
4,25.0,1687.6,0
2,14.0,467.04,0
1,309.0,118.0,1
1,155.0,781.03,3
1,306.0,142.4,1
1,63.0,712.4,0
9,15.0,2478.95,2
2,14.0,379.65,0
6,11.0,1981.92,0
3,64.0,1117.13,0
4,35.0,247.96,0
5,108.0,2037.08,3
1,52.0,396.97,0
2,5.0,697.0400000000001,0
1,47.0,180.17,0
21,1.0,5153.67,2
1,312.0,219.52,1
2,45.0,693.32,0
1,64.0,428.89,0
1,26.0,164.34,0
3,29.0,280.54,0
1,40.0,678.0100000000001,0
7,12.0,1131.88,2
3,89.0,1171.7999999999995,0
4,24.0,1610.46,0
1,318.0,417.6900000000001,1
3,40.0,544.18,0
1,173.0,177.34,3
1,116.0,213.85,3
5,30.0,747.7800000000001,0
1,252.0,257.23,1
5,59.0,1638.47,0
11,23.0,7792.360000000001,2
7,5.0,2031.78,2
11,99.0,3070.42,2
5,24.0,2121.27,0
5,33.0,1575.16,0
1,67.0,1071.03,0
5,36.0,949.12,0
3,52.0,810.5,0
1,15.0,122.64,0
1,74.0,1033.34,0
1,215.0,354.8,1
3,31.0,519.44,0
4,16.0,2624.26,0
1,120.0,252.1,3
4,9.0,1678.12,0
2,256.0,346.6,1
6,16.0,1836.34,0
2,35.0,94.2,0
3,45.0,1095.08,0
6,43.0,2707.33,0
2,114.0,932.97,3
2,164.0,379.65,3
2,10.0,382.14,0
5,9.0,2639.1700000000005,0
2,205.0,1573.1999999999998,3
3,85.0,897.76,0
1,179.0,189.47,3
3,60.0,84.65,0
1,149.0,305.0199999999999,3
21,2.0,6363.59,2
2,50.0,218.55,0
1,75.0,349.7,0
2,301.0,186.39,1
2,18.0,396.92,0
2,151.0,486.8200000000001,3
1,151.0,232.6,3
4,1.0,3722.42,0
4,17.0,827.83,0
1,187.0,59.5,3
1,285.0,67.23,1
7,2.0,3119.44,2
1,182.0,72.0,3
1,63.0,910.0,0
1,59.0,172.25000000000003,0
3,24.0,1488.32,0
50,3.0,65039.62,2
15,31.0,2504.13,2
1,38.0,151.3,0
1,155.0,308.58,3
10,26.0,2265.12,2
1,318.0,99.5,1
9,5.0,2308.0600000000004,2
3,7.0,711.86,0
1,302.0,330.79,1
2,267.0,806.41,1
1,271.0,296.88,1
13,3.0,6328.05,2
1,31.0,180.48,0
2,218.0,252.06000000000003,1
1,246.0,228.84,1
5,281.0,1079.34,1
1,269.0,138.28,1
6,32.0,1445.0100000000002,0
2,246.0,306.54999999999995,1
5,15.0,1041.68,0
4,116.0,799.9,3
1,36.0,524.1400000000001,0
3,131.0,2375.41,3
1,217.0,199.85,1
8,49.0,1980.56,2
2,38.0,1079.66,0
2,28.0,333.48,0
6,36.0,1016.14,0
2,135.0,752.6,3
2,219.0,610.59,1
1,28.0,491.86,0
4,24.0,2885.24,0
2,5.0,731.8999999999999,0
1,200.0,339.6,3
1,18.0,216.9,0
1,240.0,350.75,1
3,71.0,668.4300000000001,0
12,16.0,3131.0199999999995,2
7,2.0,1341.6,2
2,95.0,1156.36,3
1,162.0,300.04,3
1,373.0,79.6,1
5,95.0,948.25,3
5,53.0,1647.26,0
1,288.0,296.25,1
6,124.0,1186.28,3
1,287.0,741.26,1
2,151.0,282.6,3
9,3.0,2161.35,2
14,2.0,5189.52,2
7,11.0,3190.55,2
2,33.0,659.41,0
2,54.0,286.79,0
2,50.0,1070.65,0
1,218.0,306.72,1
1,63.0,1714.9599999999998,0
3,70.0,1521.7600000000002,0
37,2.0,17220.36,2
10,2.0,2796.51,2
4,64.0,2634.45,0
3,33.0,1132.13,0
1,81.0,345.0,0
33,0.0,25977.160000000003,2
1,103.0,178.7,3
2,7.0,360.01000000000005,0
1,250.0,127.84,1
6,12.0,912.0,0
11,9.0,2462.7899999999995,2
1,367.0,230.4,1
2,75.0,309.04,0
1,4.0,348.79999999999995,0
2,127.0,1516.0,3
2,66.0,195.54999999999995,0
57,1.0,37153.85,2
2,116.0,688.8600000000001,3
1,309.0,558.32,1
1,66.0,324.79999999999995,0
3,138.0,4599.42,3
1,255.0,277.07000000000005,1
7,30.0,2635.79,2
2,52.0,924.6,0
1,63.0,256.38,0
1,367.0,112.6,1
5,5.0,1747.6600000000003,0
1,305.0,155.05,1
3,28.0,1499.0100000000002,0
3,183.0,814.5,3
3,42.0,539.0,0
4,39.0,1366.86,0
2,92.0,1579.12,3
4,22.0,4027.36,0
2,23.0,571.6700000000001,0
2,29.0,382.98,0
3,301.0,1140.35,1
2,144.0,385.64,3
2,5.0,632.0,0
2,18.0,957.66,0
5,32.0,1698.94,0
1,176.0,189.5,3
3,57.0,412.05,0
1,22.0,209.49000000000004,0
6,16.0,2202.99,0
1,19.0,52.2,0
1,159.0,384.7999999999999,3
4,25.0,834.57,0
2,211.0,271.24,1
4,5.0,691.7299999999999,0
1,252.0,85.0,1
9,58.0,3385.6200000000003,2
1,11.0,361.62,0
1,64.0,312.98,0
3,24.0,865.0600000000002,0
3,92.0,1255.0,3
2,51.0,1537.95,0
1,129.0,1595.4800000000002,3
3,95.0,2651.46,3
1,57.0,1090.14,0
25,8.0,8109.52,2
3,168.0,388.5,3
1,57.0,216.17,0
1,326.0,201.16,1
5,1.0,1245.9,0
8,18.0,2209.36,2
1,247.0,305.78,1
4,58.0,501.56,0
1,74.0,145.67,0
3,31.0,1015.29,0
2,7.0,3192.54,0
4,123.0,3104.95,3
8,2.0,2770.94,2
13,22.0,6403.25,2
3,119.0,389.6,3
1,358.0,540.45,1
5,53.0,1786.79,0
1,63.0,122.7,0
1,86.0,117.23999999999998,0
1,54.0,1281.53,0
13,21.0,3219.7700000000004,2
20,3.0,17159.52,2
5,2.0,1191.13,0
5,10.0,2674.48,0
5,7.0,787.6000000000001,0
2,189.0,506.80000000000007,3
1,71.0,243.56000000000003,0
1,204.0,349.54999999999995,3
2,119.0,605.63,3
1,92.0,416.9,3
10,1.0,1883.8100000000004,2
4,26.0,632.97,0
1,297.0,821.1000000000001,1
3,23.0,564.6200000000001,0
4,28.0,2593.07,0
1,50.0,311.16,0
1,325.0,155.93,1
2,16.0,388.52,0
3,183.0,740.9499999999999,3
5,72.0,2867.2,0
2,37.0,332.64000000000004,0
4,79.0,2369.55,0
9,57.0,2580.91,2
2,11.0,626.45,0
2,49.0,272.04,0
2,49.0,1212.8400000000004,0
2,59.0,384.81000000000006,0
1,351.0,172.24999999999997,1
1,53.0,351.13000000000005,0
6,1.0,1838.85,0
4,92.0,678.25,0
1,23.0,223.85,0
1,74.0,348.99000000000007,0
4,10.0,464.57,0
2,169.0,842.65,3
2,57.0,337.34,0
2,95.0,1237.53,3
1,294.0,307.4,1
2,109.0,608.7899999999998,3
1,263.0,922.1,1
1,179.0,376.5799999999999,3
1,169.0,158.85,3
1,35.0,71.66,0
3,23.0,568.55,0
4,17.0,839.14,0
5,21.0,5112.96,0
3,79.0,561.57,0
1,65.0,90.6,0
1,360.0,102.0,1
6,2.0,2427.32,0
4,11.0,745.0600000000001,0
3,176.0,674.4499999999998,3
2,217.0,3251.071,1
7,7.0,3515.6799999999994,2
2,1.0,439.92,0
2,154.0,322.96,3
5,5.0,1026.42,0
3,79.0,598.1999999999999,0
2,21.0,230.22,0
2,21.0,169.55,0
4,308.0,664.5400000000001,1
1,145.0,80.7,3
18,7.0,9053.94,2
8,18.0,2758.26,2
2,70.0,190.25000000000009,0
1,287.0,264.7,1
1,49.0,413.59,0
6,31.0,2526.28,0
1,206.0,357.98,3
2,14.0,196.79,0
1,73.0,869.8699999999998,0
1,60.0,200.14,0
4,39.0,1871.81,0
12,29.0,2603.4300000000003,2
5,26.0,920.51,0
15,4.0,7060.13,2
1,17.0,320.46000000000004,0
6,19.0,4147.96,2
2,65.0,1266.08,0
1,213.0,311.3,1
6,12.0,855.9700000000001,0
1,30.0,76.8,0
9,42.0,3466.3600000000006,2
6,3.0,2313.1400000000003,0
5,15.0,1393.69,0
12,10.0,3901.81,2
1,211.0,635.66,1
3,45.0,2043.08,0
2,134.0,529.7299999999999,3
7,43.0,4582.639999999999,2
5,9.0,2874.72,0
3,115.0,962.19,3
2,198.0,695.6099999999999,3
1,277.0,328.8,1
3,110.0,473.0200000000001,3
1,77.0,505.18,0
1,52.0,917.34,0
4,161.0,4341.21,3
3,46.0,1421.61,0
2,16.0,642.8000000000001,0
3,155.0,631.9000000000001,3
1,225.0,440.0,1
2,7.0,584.0699999999999,0
2,121.0,327.7,3
1,60.0,104.82000000000002,0
2,63.0,467.66,0
8,18.0,2360.09,2
19,7.0,17286.86,2
11,2.0,2975.59,2
3,22.0,651.8199999999999,0
5,28.0,1428.0200000000002,0
1,284.0,626.65,1
2,176.0,147.2,3
3,78.0,1560.3799999999997,0
1,33.0,152.2,0
12,40.0,3614.92,2
1,266.0,141.41,1
4,26.0,652.8199999999999,0
4,109.0,1659.75,3
1,284.0,154.99,1
5,8.0,1308.61,0
1,305.0,409.93,1
4,16.0,5681.72,0
2,31.0,746.3599999999999,0
23,0.0,15610.39,2
1,19.0,225.36,0
2,124.0,260.25,3
1,65.0,92.46,0
1,106.0,725.6400000000001,3
23,1.0,8214.65,2
17,23.0,6217.959999999999,2
1,266.0,183.6,1
19,4.0,6140.42,2
12,9.0,10464.850000000002,2
5,29.0,1353.74,0
1,266.0,152.55,1
2,63.0,374.7,0
1,320.0,265.85,1
8,3.0,1438.8200000000002,2
1,32.0,151.04,0
3,4.0,942.26,0
1,129.0,122.47,3
5,40.0,499.4200000000001,0
6,101.0,1049.37,3
1,124.0,375.0999999999999,3
1,32.0,45.6,0
2,302.0,934.52,1
1,364.0,182.25,1
9,4.0,1018.43,2
18,2.0,4448.540000000001,2
1,2.0,194.42,0
13,10.0,50491.81,2
1,56.0,161.0,0
1,324.0,76.32000000000001,1
14,7.0,4076.91,2
1,12.0,442.85,0
17,4.0,65164.79,2
1,36.0,147.34999999999997,0
11,16.0,3104.17,2
1,137.0,194.9,3
6,73.0,5976.790000000001,0
5,5.0,1360.28,0
2,154.0,216.21,3
1,239.0,1266.23,1
7,51.0,2703.23,2
2,30.0,597.9100000000001,0
1,72.0,144.2,0
12,3.0,5683.150000000001,2
4,14.0,692.85,0
7,22.0,2915.15,2
4,3.0,1840.42,0
2,273.0,386.53,1
5,19.0,1382.7399999999998,0
1,143.0,90.0,3
4,3.0,2780.15,0
1,84.0,419.58,0
3,10.0,2740.4300000000003,0
3,7.0,706.1300000000001,0
3,122.0,709.7099999999999,3
2,60.0,637.5000000000002,0
5,1.0,1123.86,0
1,319.0,483.86,1
11,2.0,3586.03,2
3,129.0,605.6399999999999,3
15,1.0,4690.31,2
2,1.0,982.3800000000002,0
1,46.0,415.82,0
2,3.0,935.05,0
4,2.0,915.13,0
1,373.0,311.81,1
1,133.0,115.8,3
4,46.0,3742.2,0
5,8.0,4191.0,0
2,78.0,483.4,0
1,233.0,157.2,1
1,220.0,446.62000000000006,1
2,35.0,658.64,0
2,75.0,621.2900000000001,0
2,239.0,1345.62,1
1,266.0,118.75,1
55,9.0,117379.63,2
2,19.0,432.88,0
1,40.0,507.66,0
11,19.0,4693.01,2
3,215.0,1110.52,1
2,173.0,289.36,3
4,87.0,2445.9100000000003,0
2,70.0,1631.7700000000004,0
1,275.0,122.54,1
4,39.0,574.84,0
1,98.0,363.79,3
4,10.0,450.8400000000001,0
1,33.0,134.46,0
3,59.0,3222.3,0
4,297.0,576.9,1
4,86.0,559.4100000000001,0
7,8.0,1620.9300000000003,2
2,40.0,719.78,0
25,10.0,4748.52,2
1,66.0,452.89,0
1,331.0,197.65,1
6,30.0,2054.36,0
15,2.0,4654.08,2
13,1.0,4684.76,2
2,67.0,853.3900000000001,0
21,4.0,11349.52,2
2,201.0,1011.9999999999998,3
1,106.0,335.52,3
4,18.0,701.4,0
1,218.0,185.4,1
7,60.0,747.44,0
1,2.0,161.02999999999994,0
2,16.0,466.7000000000001,0
1,239.0,328.16,1
1,94.0,151.73999999999998,3
6,10.0,2073.4300000000003,0
6,105.0,1905.84,3
9,53.0,2241.1000000000004,2
1,89.0,1070.48,0
5,30.0,1004.38,0
6,11.0,1789.72,0
4,3.0,1839.3,0
17,1.0,2004.98,2
1,42.0,169.48000000000002,0
1,4.0,89.94,0
2,247.0,632.3999999999999,1
9,42.0,3432.8,2
1,177.0,683.1700000000001,3
3,92.0,991.13,3
4,110.0,1050.12,3
5,28.0,2232.19,0
10,26.0,3350.96,2
3,51.0,1547.2,0
3,183.0,925.71,3
5,42.0,2048.07,0
4,49.0,1462.7200000000005,0
4,22.0,775.4600000000003,0
5,75.0,3144.86,0
2,80.0,490.86,0
1,373.0,161.00000000000003,1
1,326.0,146.85000000000002,1
11,43.0,2380.8500000000004,2
2,30.0,890.3400000000001,0
1,183.0,213.70000000000005,3
2,234.0,280.55,1
10,8.0,2588.7699999999995,2
2,219.0,1693.45,1
3,110.0,1474.0600000000002,3
1,278.0,136.76999999999998,1
1,318.0,302.58,1
3,7.0,1904.05,0
5,1.0,2879.7,0
2,260.0,969.06,1
5,64.0,3099.7200000000003,0
9,9.0,12669.98,2
1,141.0,120.0,3
2,50.0,1163.45,0
8,8.0,2618.2300000000005,2
2,154.0,333.97,3
2,109.0,530.18,3
3,162.0,1516.24,3
1,331.0,492.65,1
1,225.0,112.32,1
2,73.0,437.96,0
4,51.0,559.97,0
3,98.0,1119.7400000000002,3
3,15.0,4216.2,0
1,196.0,134.04000000000002,3
15,3.0,3729.34,2
2,30.0,595.25,0
4,21.0,1910.01,0
3,23.0,4628.75,0
3,8.0,176.63,0
1,213.0,426.6,1
6,8.0,911.26,0
5,11.0,2314.65,0
11,1.0,3883.25,2
9,7.0,4871.929999999999,2
4,3.0,1046.56,0
1,40.0,166.2,0
4,17.0,1305.3299999999997,0
44,8.0,51527.3,2
9,8.0,3965.62,2
1,18.0,43.2,0
1,117.0,640.1400000000001,3
1,222.0,383.45,1
3,71.0,1858.9600000000005,0
2,51.0,2093.32,0
6,88.0,2995.72,0
9,8.0,2352.53,2
1,242.0,310.26,1
6,46.0,1611.59,0
1,106.0,120.0,3
6,44.0,2481.13,0
1,64.0,508.58,0
2,206.0,477.79,3
5,10.0,1530.7500000000002,0
2,114.0,605.0600000000001,3
1,242.0,183.85,1
1,163.0,311.65000000000003,3
7,17.0,5014.84,2
2,124.0,462.66,3
3,22.0,866.3100000000001,0
1,67.0,415.2,0
8,16.0,2552.21,2
2,16.0,468.25999999999993,0
4,16.0,1614.91,0
2,161.0,588.2199999999999,3
1,242.0,309.52,1
1,218.0,134.7,1
8,45.0,2182.28,2
4,21.0,668.5600000000002,0
8,127.0,889.9300000000002,3
1,38.0,108.98000000000002,0
2,120.0,1021.58,3
1,260.0,409.57,1
1,10.0,133.5,0
1,274.0,282.93,1
1,164.0,51.0,3
4,157.0,1078.9600000000005,3
1,215.0,90.6,1
2,5.0,163.62,0
1,365.0,174.4,1
2,79.0,701.23,0
1,43.0,225.77,0
3,19.0,912.18,0
4,31.0,2128.2300000000005,0
1,22.0,161.2,0
8,108.0,3717.35,3
16,8.0,9261.52,2
1,319.0,155.0,1
1,295.0,100.5,1
1,358.0,76.55,1
1,185.0,257.68,3
2,191.0,617.05,3
2,44.0,348.1,0
1,52.0,202.68,0
1,26.0,626.07,0
3,38.0,1247.6899999999998,0
3,9.0,202.11,0
1,296.0,142.4,1
3,32.0,1770.5600000000002,0
8,10.0,3212.84,2
2,65.0,1043.46,0
9,10.0,4652.82,2
1,218.0,67.94999999999999,1
9,2.0,3507.71,2
2,65.0,487.99000000000007,0
19,2.0,2612.9600000000005,2
1,149.0,574.6999999999999,3
13,4.0,4051.48,2
4,130.0,1475.8100000000002,3
6,33.0,1474.3200000000002,0
1,119.0,156.75,3
6,107.0,2157.73,3
7,10.0,2606.53,2
6,71.0,2059.4500000000003,0
9,92.0,1105.0700000000002,2
1,310.0,1063.0,1
2,42.0,770.0300000000001,0
1,362.0,122.7,1
7,91.0,1496.9800000000002,0
13,1.0,5900.280000000001,2
2,22.0,490.2200000000001,0
3,3.0,1937.25,0
6,10.0,1058.06,0
1,99.0,387.52,3
2,57.0,813.1100000000001,0
6,0.0,4263.639999999999,2
1,218.0,265.2,1
1,17.0,322.08,0
10,23.0,4481.67,2
2,50.0,363.34,0
5,7.0,1244.83,0
1,302.0,470.36000000000007,1
6,9.0,2255.51,0
6,21.0,1372.8,0
1,98.0,89.06,3
1,365.0,63.0,1
1,306.0,131.9,1
1,319.0,2661.24,1
5,8.0,2357.6800000000003,0
4,0.0,1712.8900000000003,0
2,204.0,1589.82,3
4,53.0,1420.2,0
4,0.0,1039.58,0
5,18.0,1163.2300000000002,0
2,9.0,375.35,0
4,18.0,907.1,0
3,180.0,483.25,3
2,60.0,662.59,0
2,10.0,264.44,0
1,190.0,119.93,3
9,5.0,3062.4,2
1,310.0,113.64,1
1,155.0,1837.92,3
3,110.0,434.34,3
3,148.0,2103.0599999999995,3
11,66.0,2004.02,2
3,98.0,529.62,3
3,246.0,1058.62,1
7,29.0,2272.4,2
4,17.0,598.76,0
2,11.0,461.19000000000005,0
8,103.0,1936.84,3
2,74.0,234.34,0
1,46.0,547.6600000000001,0
3,71.0,925.85,0
1,257.0,215.7,1
4,19.0,1309.6,0
2,253.0,316.24999999999994,1
1,11.0,279.05,0
2,164.0,636.51,3
6,18.0,2068.15,0
1,281.0,137.10000000000002,1
1,50.0,321.92,0
1,38.0,165.75,0
6,26.0,1196.3300000000002,0
1,67.0,1064.2800000000002,0
1,207.0,463.38,3
2,175.0,340.93,3
5,7.0,2383.24,0
1,25.0,139.56,0
2,50.0,123.8,0
2,311.0,538.8100000000001,1
1,309.0,475.37,1
5,42.0,1957.32,0
3,26.0,815.3199999999999,0
3,88.0,356.85,0
2,183.0,251.21,3
11,19.0,2470.67,2
6,3.0,3543.26,2
4,47.0,673.26,0
8,17.0,5905.64,2
5,17.0,2012.17,0
6,23.0,1383.18,0
2,22.0,276.42,0
5,11.0,1314.8100000000002,0
2,187.0,275.28,3
3,100.0,455.59,3
3,61.0,1055.35,0
6,17.0,2102.09,0
2,33.0,330.45000000000005,0
1,64.0,174.37,0
2,1.0,270.6,0
4,24.0,974.54,0
1,108.0,241.09,3
9,31.0,1867.6800000000003,2
9,19.0,4332.2,2
55,2.0,8508.82,2
1,37.0,364.22,0
3,60.0,620.04,0
6,25.0,2925.9100000000003,0
4,236.0,932.85,1
7,24.0,1949.7200000000005,2
18,2.0,4447.050000000001,2
3,60.0,2864.19,0
1,259.0,171.8,1
1,57.0,355.56,0
2,64.0,388.25,0
2,15.0,537.48,0
3,9.0,996.26,0
8,58.0,1461.65,2
1,185.0,103.25,3
16,28.0,3630.33,2
2,24.0,2024.45,0
5,5.0,2578.09,0
8,3.0,4007.54,2
2,150.0,652.8,3
1,311.0,289.24,1
2,10.0,765.6200000000001,0
2,18.0,186.23,0
1,151.0,165.07,3
5,19.0,859.2700000000001,0
4,10.0,2381.04,0
2,57.0,324.14,0
1,85.0,788.38,0
22,7.0,2237.7699999999995,2
3,75.0,1080.76,0
18,3.0,5074.77,2
4,95.0,3099.1200000000003,3
1,110.0,1432.0,3
2,56.0,1530.36,0
1,1.0,227.39,0
2,280.0,218.06,1
7,3.0,2832.84,2
9,179.0,1653.42,3
1,372.0,35.400000000000006,1
4,12.0,859.7100000000002,0
1,3.0,168.63,0
1,16.0,138.6,0
1,40.0,114.11,0
5,5.0,1052.55,0
4,169.0,1042.2600000000002,3
1,50.0,157.05,0
1,276.0,237.36,1
9,18.0,1601.14,2
1,371.0,39.75,1
4,15.0,1447.14,0
3,35.0,570.4599999999999,0
3,21.0,617.99,0
2,7.0,379.8299999999999,0
6,19.0,1740.6,0
2,11.0,883.1500000000001,0
1,44.0,221.97,0
1,305.0,393.33,1
1,10.0,213.96000000000004,0
1,274.0,660.0,1
93,1.0,12156.65,2
14,15.0,16569.5,2
4,4.0,1785.15,0
4,72.0,601.5600000000001,0
3,242.0,406.08,1
3,9.0,553.44,0
1,245.0,394.44,1
2,205.0,412.78,3
5,1.0,1788.3600000000004,0
1,184.0,320.58,3
5,32.0,889.2499999999999,0
2,57.0,225.85,0
2,196.0,899.63,3
4,23.0,2791.27,0
2,91.0,671.9599999999999,3
2,4.0,959.01,0
3,50.0,1006.98,0
1,262.0,114.56,1
1,266.0,344.9000000000001,1
2,36.0,609.8500000000001,0
1,50.0,443.6,0
6,52.0,2984.49,0
6,24.0,2125.08,0
1,21.0,110.46,0
1,58.0,96.12,0
2,170.0,693.81,3
2,67.0,830.76,0
2,156.0,597.0899999999999,3
73,1.0,280206.02,2
1,201.0,243.22,3
4,4.0,1417.29,0
2,67.0,654.5999999999999,0
1,77.0,114.18,0
7,1.0,1947.55,2
4,8.0,1932.23,0
2,169.0,291.05,3
4,17.0,848.22,0
2,5.0,247.15,0
9,8.0,2529.93,2
2,86.0,285.73999999999995,0
1,26.0,107.95,0
4,28.0,771.1700000000001,0
2,19.0,637.8900000000001,0
5,60.0,1835.7,0
1,24.0,195.25,0
25,10.0,9241.2,2
3,241.0,1269.9900000000002,1
2,280.0,411.53,1
2,234.0,765.55,1
5,3.0,1736.4,0
1,16.0,604.7500000000001,0
6,31.0,2548.24,0
16,25.0,28754.11,2
3,71.0,498.95,0
2,187.0,52.0,3
5,25.0,1236.2799999999995,0
1,106.0,628.38,3
21,7.0,5630.870000000001,2
1,208.0,112.8,3
2,44.0,371.7,0
5,30.0,2114.33,0
4,137.0,591.5500000000001,3
1,264.0,172.9,1
7,4.0,2078.95,2
2,218.0,188.61,1
5,1.0,1250.76,0
1,214.0,109.13,1
3,32.0,2235.3,0
9,10.0,2549.37,2
17,1.0,3292.1400000000003,2
1,14.0,318.17,0
9,11.0,1546.91,2
1,198.0,179.0,3
3,2.0,1126.37,0
13,15.0,4921.040000000001,2
4,14.0,606.13,0
11,10.0,2868.8,2
3,29.0,917.07,0
11,9.0,2666.36,2
1,24.0,160.19,0
4,24.0,867.3800000000001,0
2,43.0,329.67999999999995,0
5,1.0,1602.13,0
3,5.0,663.8100000000002,0
1,147.0,187.92,3
6,10.0,1158.3,0
1,24.0,718.08,0
1,274.0,268.58000000000004,1
1,373.0,313.49000000000007,1
8,1.0,2005.06,2
3,47.0,380.02,0
8,8.0,2702.49,2
12,16.0,9585.91,2
32,3.0,6065.6900000000005,2
3,3.0,1164.55,0
7,42.0,1314.45,0
7,4.0,3902.28,2
3,197.0,1448.21,3
6,11.0,1400.34,0
7,16.0,1099.98,2
5,112.0,1220.2600000000002,3
1,249.0,328.19999999999993,1
5,29.0,1415.75,0
1,43.0,389.64,0
1,87.0,563.1499999999999,0
2,44.0,638.05,0
11,9.0,5010.280000000001,2
1,15.0,738.9599999999998,0
1,75.0,420.50000000000006,0
4,144.0,1484.06,3
3,4.0,1625.97,0
1,297.0,89.2,1
2,58.0,255.9,0
1,263.0,300.52,1
1,46.0,278.3,0
3,29.0,254.11,0
6,8.0,2473.37,0
2,17.0,192.6,0
8,2.0,10674.75,2
2,232.0,876.4200000000001,1
1,112.0,139.26,3
3,58.0,1011.8999999999996,0
11,51.0,2538.2999999999997,2
2,127.0,730.8599999999999,3
3,280.0,386.15,1
2,54.0,447.68,0
1,319.0,200.1,1
2,26.0,289.99,0
2,10.0,77.4,0
2,7.0,679.4399999999998,0
1,28.0,197.64,0
4,16.0,745.0600000000001,0
1,63.0,6.2,0
1,21.0,228.99,0
7,2.0,1319.91,2
1,166.0,131.45,3
17,1.0,8022.49,2
3,52.0,173.74,0
1,51.0,157.70000000000002,0
12,47.0,4339.74,2
1,61.0,193.14,0
3,162.0,845.5500000000001,3
1,8.0,353.27,0
4,15.0,554.6500000000001,0
1,75.0,193.39,0
8,39.0,2741.17,2
11,40.0,2087.88,2
2,369.0,155.42999999999998,1
2,36.0,778.5,0
1,197.0,271.85,3
2,200.0,1110.34,3
3,73.0,657.8,0
2,64.0,272.07,0
4,21.0,507.29,0
1,366.0,48.8,1
3,180.0,321.42999999999995,3
4,10.0,1127.7100000000005,0
12,3.0,2226.9100000000003,2
3,196.0,2139.76,3
4,29.0,697.55,0
1,53.0,197.13,0
6,17.0,1720.3,0
3,10.0,102.45000000000002,0
4,89.0,1649.5000000000002,0
1,267.0,62.85,1
6,53.0,3295.76,0
4,43.0,2824.69,0
4,63.0,3189.8100000000004,0
1,148.0,309.4,3
25,21.0,7930.54,2
1,311.0,325.75,1
2,23.0,511.3499999999999,0
6,58.0,2836.69,0
2,24.0,475.8,0
7,78.0,2759.8300000000004,0
2,119.0,645.65,3
3,36.0,1311.38,0
2,59.0,1173.12,0
4,12.0,1353.74,0
1,19.0,170.32,0
1,52.0,125.79,0
2,25.0,841.1999999999999,0
1,29.0,266.76,0
2,7.0,52.2,0
12,10.0,14389.9,2
3,185.0,710.28,3
8,3.0,2953.59,2
2,8.0,725.7,0
1,261.0,327.24999999999994,1
4,3.0,522.38,0
1,210.0,519.6800000000001,1
2,107.0,1465.3199999999997,3
9,12.0,1485.5400000000002,2
3,77.0,706.1900000000002,0
1,19.0,255.4,0
2,26.0,589.7,0
6,18.0,761.5899999999999,0
1,131.0,765.3199999999999,3
1,252.0,364.8,1
1,79.0,1862.0,0
1,207.0,369.2,3
1,336.0,135.9,1
1,253.0,125.65,1
2,148.0,554.38,3
2,9.0,1237.85,0
1,85.0,655.7499999999999,0
20,7.0,11138.71,2
2,204.0,468.77,3
4,7.0,1366.38,0
6,23.0,1303.52,0
9,11.0,1421.29,2
1,25.0,332.66,0
5,21.0,2810.63,0
2,2.0,1025.4399999999998,0
2,157.0,616.15,3
7,3.0,3501.1000000000004,2
1,74.0,277.8,0
4,2.0,434.35,0
201,1.0,143825.06,2
2,16.0,867.85,0
4,35.0,1227.43,0
2,91.0,307.48,3
4,70.0,1268.98,0
2,115.0,1610.1499999999996,3
2,212.0,977.77,1
2,30.0,1316.0700000000002,0
1,50.0,749.1,0
1,245.0,310.05,1
1,32.0,223.88,0
3,108.0,2372.86,3
5,4.0,1257.68,0
1,365.0,363.53,1
2,81.0,1890.94,0
1,297.0,1784.71,1
8,33.0,8137.020000000001,2
3,56.0,1621.8800000000003,0
12,29.0,5900.25,2
1,14.0,100.9,0
2,72.0,290.82000000000005,0
6,23.0,1101.9699999999998,0
1,19.0,371.2,0
1,79.0,311.69000000000005,0
11,59.0,8099.489999999999,2
1,25.0,289.82000000000005,0
1,12.0,336.17,0
1,253.0,58.49000000000001,1
3,147.0,499.68,3
4,64.0,695.4199999999998,0
2,8.0,221.27,0
9,10.0,7044.68,2
1,270.0,126.7,1
5,9.0,1487.8,0
1,247.0,206.21,1
2,96.0,599.0,3
1,14.0,191.32,0
1,49.0,463.8,0
1,30.0,147.59000000000003,0
4,68.0,1592.06,0
3,35.0,1116.5700000000002,0
1,128.0,114.77,3
3,107.0,1314.4499999999998,3
1,37.0,114.39,0
1,57.0,279.94,0
7,57.0,790.86,0
5,72.0,1931.42,0
1,246.0,102.12,1
2,19.0,213.27,0
2,198.0,296.75,3
2,15.0,326.4,0
1,211.0,334.54,1
2,38.0,233.23,0
3,46.0,546.2,0
2,170.0,429.87,3
1,47.0,490.52,0
4,115.0,1641.7599999999998,3
1,147.0,1246.3200000000002,3
28,15.0,6316.57,2
1,51.0,502.09,0
1,159.0,156.91000000000005,3
3,12.0,1261.78,0
1,35.0,308.94,0
2,53.0,423.04,0
2,43.0,260.17,0
1,172.0,170.04,3
1,33.0,125.58,0
3,38.0,496.21,0
1,266.0,265.99999999999994,1
9,8.0,1914.82,2
4,11.0,905.04,0
11,3.0,6802.76,2
10,9.0,1661.33,2
1,33.0,377.01,0
3,80.0,469.0,0
4,30.0,1066.15,0
4,8.0,627.1300000000001,0
2,71.0,518.28,0
4,4.0,668.1400000000001,0
3,256.0,4959.1,1
10,4.0,2586.67,2
8,15.0,4308.610000000001,2
1,89.0,252.73,0
3,72.0,465.5499999999999,0
6,58.0,705.49,0
47,9.0,19914.44,2
1,170.0,180.35,3
1,199.0,135.93,3
1,31.0,537.0,0
17,19.0,7700.23,2
2,151.0,735.6600000000001,3
15,9.0,5213.769999999999,2
1,269.0,343.61999999999995,1
4,65.0,384.05,0
1,273.0,121.17000000000002,1
3,25.0,1782.09,0
3,23.0,1391.61,0
1,319.0,215.78,1
3,4.0,697.7900000000001,0
2,12.0,302.1,0
2,275.0,1489.5,1
11,25.0,2124.99,2
9,40.0,1337.7199999999998,2
4,8.0,303.09000000000003,0
48,3.0,54534.14,2
4,71.0,987.86,0
1,213.0,370.8,1
4,37.0,3158.13,0
1,53.0,893.59,0
3,78.0,1744.76,0
2,46.0,553.36,0
1,179.0,1109.5300000000002,3
1,372.0,106.2,1
2,93.0,982.0700000000002,3
3,9.0,1043.41,0
1,105.0,748.87,3
1,77.0,773.03,0
1,172.0,880.8499999999999,3
32,7.0,9743.11,2
4,212.0,895.61,3
5,22.0,504.8,0
1,256.0,88.19999999999999,1
1,281.0,306.93999999999994,1
2,21.0,1160.0699999999997,0
6,10.0,2420.84,0
1,308.0,381.32,1
1,67.0,480.71,0
2,215.0,457.81,1
6,18.0,4597.02,2
4,103.0,1370.6,3
1,42.0,219.39,0
1,4.0,248.08,0
3,182.0,39916.5,3
1,84.0,410.48,0
3,333.0,876.0,1
2,8.0,317.53,0
2,31.0,703.3599999999999,0
2,196.0,1027.44,3
7,18.0,2298.9300000000003,2
5,17.0,1422.52,0
6,311.0,319.5,1
4,141.0,1300.25,3
1,245.0,484.9500000000001,1
4,23.0,996.1,0
3,29.0,1567.4799999999998,0
3,9.0,3609.33,0
10,30.0,2760.5599999999995,2
1,18.0,340.11,0
4,17.0,1352.75,0
5,14.0,1551.7800000000002,0
1,134.0,244.8,3
1,245.0,266.4,1
1,133.0,358.8199999999999,3
2,50.0,457.72,0
3,114.0,1633.78,3
2,7.0,2199.3100000000004,0
2,22.0,184.19000000000003,0
15,25.0,11528.48,2
1,65.0,406.53,0
4,60.0,1471.0,0
11,50.0,3447.4,2
1,169.0,330.11000000000007,3
5,18.0,977.93,0
3,127.0,982.4199999999998,3
8,14.0,1387.99,2
1,239.0,139.04999999999998,1
4,2.0,1286.7,0
2,239.0,178.96,1
7,52.0,2354.25,2
1,46.0,498.74000000000007,0
1,225.0,259.45000000000005,1
17,8.0,6580.4400000000005,2
4,4.0,1194.7300000000002,0
2,164.0,1327.16,3
1,240.0,623.5,1
1,10.0,301.29,0
1,133.0,520.8,3
10,17.0,5314.469999999999,2
13,9.0,4745.6900000000005,2
1,31.0,329.25,0
1,75.0,296.42,0
3,1.0,961.49,0
3,3.0,1936.0700000000004,0
1,45.0,401.4000000000001,0
30,1.0,18641.01,2
1,357.0,158.16000000000005,1
2,18.0,304.4699999999999,0
3,68.0,843.0499999999998,0
1,373.0,487.75,1
1,320.0,163.00000000000003,1
1,25.0,106.56,0
1,331.0,1289.5,1
5,8.0,1624.05,0
1,322.0,135.75,1
1,71.0,224.14000000000004,0
1,260.0,40.5,1
5,18.0,2206.9500000000007,0
1,367.0,87.5,1
3,66.0,689.48,0
2,154.0,622.8499999999998,3
2,29.0,406.76,0
1,70.0,310.62,0
2,14.0,411.41,0
16,1.0,4777.18,2
41,1.0,16225.390000000005,2
3,119.0,1044.3200000000002,3
1,60.0,499.32,0
15,3.0,7616.530000000001,2
1,2.0,3861.0,0
3,10.0,1079.61,0
2,92.0,193.64,3
4,59.0,1268.7,0
5,87.0,1236.54,0
6,25.0,1827.8,0
1,357.0,316.58,1
2,85.0,653.24,0
4,10.0,420.3,0
5,1.0,870.12,0
1,225.0,331.18,1
2,60.0,894.41,0
1,241.0,101.8,1
2,318.0,328.35,1
8,1.0,1661.44,2
3,46.0,734.9399999999999,0
1,87.0,96.6,0
11,10.0,5756.89,2
1,176.0,305.75,3
6,51.0,1778.9599999999996,0
1,366.0,403.25,1
1,318.0,585.0,1
2,225.0,755.75,1
2,358.0,322.0799999999999,1
1,234.0,409.4000000000001,1
1,310.0,154.41,1
5,36.0,1219.4,0
4,66.0,3386.71,0
2,239.0,429.6,1
2,113.0,612.0600000000001,3
1,276.0,197.00000000000009,1
12,217.0,2247.51,3
1,298.0,321.04999999999995,1
4,1.0,1412.3200000000002,0
3,29.0,1071.99,0
2,10.0,780.59,0
5,44.0,1706.57,0
8,66.0,1756.44,2
1,74.0,316.68,0
2,65.0,631.5699999999999,0
3,134.0,2515.84,3
2,238.0,514.1500000000001,1
1,122.0,356.0,3
13,31.0,6688.459999999999,2
11,9.0,10484.99,2
2,36.0,740.78,0
5,16.0,918.1999999999998,0
1,127.0,300.36,3
1,66.0,890.85,0
1,148.0,98.45,3
1,283.0,317.15,1
2,168.0,623.1600000000001,3
7,100.0,1810.77,3
1,135.0,254.82,3
1,323.0,178.95000000000002,1
1,106.0,156.50999999999996,3
1,64.0,393.7400000000001,0
2,151.0,1506.12,3
1,338.0,119.3,1
5,22.0,1717.36,0
1,23.0,408.8,0
7,15.0,2379.49,2
15,7.0,2507.07,2
2,57.0,721.94,0
2,4.0,716.57,0
1,37.0,615.14,0
1,66.0,135.31,0
1,46.0,255.9,0
1,354.0,290.51,1
1,172.0,113.12,3
9,58.0,2332.15,2
1,49.0,240.55,0
2,22.0,486.69,0
5,43.0,2306.52,0
3,29.0,939.78,0
18,4.0,7943.22,2
15,25.0,4668.300000000001,2
1,201.0,180.94,3
6,50.0,3672.86,0
3,10.0,641.94,0
12,2.0,4799.9,2
7,67.0,4507.01,2
1,64.0,496.44,0
12,50.0,5070.349999999999,2
1,290.0,574.02,1
8,60.0,694.4000000000002,2
3,64.0,1174.35,0
1,95.0,205.3,3
1,274.0,310.47,1
91,0.0,60767.9,2
4,75.0,924.85,0
1,110.0,52.0,3
1,199.0,327.97,3
2,64.0,570.5,0
1,326.0,165.0,1
1,3.0,312.62,0
1,283.0,204.5,1
1,44.0,267.13000000000005,0
3,70.0,2748.3100000000004,0
1,85.0,679.68,0
1,103.0,162.29000000000002,3
1,333.0,311.7099999999999,1
1,52.0,208.75,0
3,39.0,1049.7,0
2,32.0,714.9599999999999,0
4,366.0,1661.06,1
1,208.0,1028.56,3
3,156.0,351.67,3
1,53.0,173.97,0
2,66.0,574.0699999999999,0
1,80.0,2020.52,0
1,129.0,406.09,3
1,87.0,364.5,0
3,0.0,563.9399999999999,0
1,45.0,393.54,0
1,332.0,252.42,1
1,366.0,201.6,1
1,72.0,158.04,0
2,158.0,473.81,3
1,373.0,115.65,1
7,12.0,1960.11,2
2,254.0,777.0200000000002,1
2,29.0,277.05000000000007,0
10,31.0,2766.5,2
22,4.0,8347.2,2
1,39.0,427.93,0
1,361.0,418.9200000000001,1
1,372.0,326.0,1
2,95.0,913.1900000000002,3
7,25.0,2314.32,2
2,75.0,602.5100000000001,0
4,57.0,1877.5900000000004,0
1,21.0,446.94000000000005,0
7,40.0,2386.05,2
1,137.0,2007.4,3
12,8.0,2415.9100000000003,2
1,128.0,168.0,3
3,40.0,1233.3599999999997,0
7,169.0,3703.29,3
5,8.0,1690.26,0
2,213.0,596.85,1
6,14.0,5955.709999999999,2
2,169.0,642.41,3
1,40.0,316.88,0
1,186.0,394.14,3
1,270.0,140.54,1
1,172.0,500.0,3
4,4.0,1535.5299999999995,0
2,16.0,231.86,0
4,9.0,2183.5400000000004,0
1,325.0,107.45,1
1,112.0,288.17999999999995,3
1,289.0,94.0,1
2,16.0,1345.5300000000002,0
3,1.0,815.77,0
5,92.0,716.2,0
2,148.0,626.77,3
1,189.0,349.1,3
2,31.0,510.71,0
4,33.0,1056.44,0
1,264.0,267.18,1
8,84.0,3450.8400000000006,2
4,26.0,1358.88,0
1,171.0,190.53,3
3,9.0,774.9,0
1,313.0,572.81,1
4,64.0,3984.32,0
1,85.0,508.80000000000007,0
1,24.0,135.86,0
4,58.0,950.36,0
2,323.0,97.7,1
1,38.0,43.5,0
2,254.0,383.34,1
5,19.0,1447.3900000000003,0
3,33.0,1483.14,0
1,15.0,93.78,0
2,26.0,397.35,0
1,23.0,171.19,0
2,213.0,533.3,1
5,8.0,1041.48,0
1,22.0,149.29000000000002,0
3,12.0,1122.5300000000002,0
1,262.0,200.16,1
1,131.0,156.57999999999998,3
3,54.0,383.68,0
1,248.0,594.0,1
7,1.0,3236.9100000000003,2
2,9.0,1418.2600000000002,0
1,264.0,113.5,1
1,330.0,155.17000000000002,1
1,312.0,494.64,1
3,26.0,974.52,0
1,30.0,429.84,0
3,29.0,538.7299999999999,0
7,1.0,1388.37,2
1,362.0,179.10000000000002,1
3,283.0,447.22,1
1,262.0,237.07,1
1,25.0,161.64,0
1,354.0,216.76,1
3,94.0,234.6,3
1,29.0,126.14,0
1,338.0,1048.85,1
18,19.0,7354.619999999999,2
1,85.0,334.53000000000003,0
3,9.0,524.88,0
2,51.0,467.51,0
2,50.0,538.55,0
1,2.0,469.4799999999999,0
1,113.0,371.56000000000006,3
7,14.0,1771.2,2
1,77.0,454.11,0
2,40.0,1441.4199999999998,0
1,116.0,905.5,3
12,15.0,11054.96,2
4,161.0,233.81,3
4,1.0,3594.3100000000004,0
3,30.0,2575.0,0
1,92.0,91.32,3
3,22.0,1134.28,0
6,95.0,3100.09,3
2,28.0,659.4599999999998,0
5,32.0,2001.8,0
2,21.0,1299.23,0
2,17.0,1262.2,0
27,2.0,13316.4,2
4,8.0,1131.5600000000002,0
12,15.0,10384.93,2
1,362.0,147.09,1
1,81.0,52.83,0
5,52.0,3610.96,0
3,22.0,979.26,0
1,171.0,492.36000000000007,3
6,189.0,1000.27,3
1,330.0,250.0,1
5,11.0,909.23,0
2,155.0,121.0,3
19,33.0,14758.22,2
11,12.0,4139.460000000001,2
3,44.0,62.43,0
1,233.0,267.03000000000003,1
8,64.0,1942.45,2
1,1.0,343.5,0
8,40.0,3000.2000000000003,2
2,32.0,398.84,0
1,84.0,412.01,0
1,24.0,440.0,0
3,2.0,825.92,0
2,33.0,148.44000000000003,0
8,18.0,2429.7800000000007,2
1,254.0,229.33,1
11,22.0,3995.23,2
4,21.0,1502.3500000000004,0
2,8.0,2007.44,0
4,25.0,1580.93,0
3,19.0,807.57,0
4,173.0,536.4000000000002,3
1,163.0,110.92000000000002,3
1,7.0,538.4599999999999,0
1,11.0,213.3,0
1,114.0,85.13,3
1,288.0,127.86,1
9,9.0,3546.7100000000005,2
2,54.0,292.72,0
14,7.0,4954.84,2
3,77.0,1693.2599999999998,0
4,4.0,575.6300000000002,0
1,36.0,436.06,0
1,217.0,90.12,1
1,60.0,437.23,0
1,277.0,217.2,1
16,12.0,4805.17,2
1,24.0,279.77,0
1,28.0,473.65,0
4,11.0,800.5899999999999,0
1,351.0,134.55,1
4,22.0,1400.44,0
2,50.0,173.16000000000005,0
1,18.0,186.01,0
3,2.0,758.29,0
5,103.0,1375.71,3
12,7.0,4165.52,2
4,11.0,650.4300000000001,0
7,4.0,2552.86,2
2,31.0,607.45,0
4,177.0,702.25,3
1,37.0,940.67,0
3,151.0,258.88,3
1,162.0,127.1,3
2,68.0,348.6,0
13,120.0,3679.97,2
3,24.0,682.9100000000001,0
4,23.0,725.11,0
1,176.0,455.3,3
4,50.0,913.68,0
3,255.0,478.53,1
1,46.0,388.58,0
1,70.0,199.8,0
5,15.0,1771.7800000000002,0
5,100.0,1406.59,3
1,35.0,324.57,0
1,53.0,240.68,0
2,26.0,761.74,0
14,11.0,6776.56,2
9,8.0,1297.87,2
1,78.0,48.48,0
1,52.0,216.39,0
5,36.0,1198.23,0
9,61.0,2920.1600000000003,2
1,336.0,104.76,1
4,28.0,1093.68,0
1,184.0,298.48,3
1,51.0,112.46,0
13,9.0,1591.4500000000005,2
2,36.0,195.15,0
23,10.0,10399.74,2
4,32.0,776.8510000000001,0
1,10.0,336.4,0
3,56.0,1553.1799999999998,0
4,4.0,1293.03,0
9,43.0,3709.56,2
1,141.0,301.03000000000003,3
4,116.0,588.13,3
4,103.0,1534.26,3
2,74.0,675.8000000000001,0
9,4.0,2870.24,2
2,45.0,1186.35,0
8,15.0,3285.3100000000004,2
1,17.0,243.55,0
2,89.0,724.76,0
1,52.0,223.36,0
1,134.0,425.32,3
15,4.0,12515.66,2
4,105.0,1887.2,3
3,191.0,664.0,3
4,166.0,812.9999999999999,3
1,18.0,612.01,0
3,157.0,447.64,3
2,204.0,657.3500000000001,3
2,336.0,816.0,1
3,36.0,646.3,0
1,91.0,337.74,3
2,92.0,877.44,3
2,9.0,922.53,0
1,243.0,560.6700000000001,1
4,45.0,748.5,0
1,22.0,30.0,0
5,190.0,1024.1,3
1,43.0,306.45000000000005,0
9,25.0,1600.86,2
2,317.0,309.8,1
1,106.0,138.14,3
1,50.0,386.43,0
2,168.0,2242.01,3
1,39.0,301.32000000000005,0
1,217.0,76.32000000000001,1
4,40.0,684.34,0
1,296.0,173.05,1
7,18.0,2657.13,2
4,88.0,2881.02,0
5,73.0,2446.6000000000004,0
3,81.0,323.69,0
3,18.0,3435.76,0
1,49.0,657.23,0
1,52.0,352.70000000000005,0
4,24.0,781.2800000000001,0
3,9.0,1333.6799999999998,0
5,25.0,1426.16,0
1,117.0,193.75,3
9,8.0,2993.1000000000004,2
2,119.0,254.1,3
2,4.0,239.76,0
1,252.0,136.8,1
1,28.0,191.04,0
14,0.0,6479.4,2
2,266.0,409.98,1
8,33.0,2736.46,2
1,17.0,309.6499999999999,0
2,172.0,696.6799999999998,3
4,2.0,1542.14,0
1,264.0,211.5,1
4,140.0,2293.62,3
1,201.0,143.10000000000002,3
4,63.0,1060.56,0
4,35.0,945.5799999999998,0
7,40.0,3364.24,2
1,283.0,133.25,1
5,9.0,1072.36,0
2,143.0,356.7,3
2,11.0,330.87999999999994,0
4,145.0,1118.81,3
1,234.0,150.3,1
13,32.0,5045.610000000001,2
1,24.0,598.73,0
1,11.0,507.08,0
5,35.0,2222.56,0
1,364.0,203.1,1
2,201.0,218.25,3
1,15.0,415.25,0
7,16.0,5178.959999999999,2
1,212.0,85.0,1
3,65.0,1120.88,0
2,212.0,294.11999999999995,1
1,282.0,162.3,1
2,114.0,1339.45,3
8,14.0,1205.12,2
16,18.0,4812.419999999999,2
1,66.0,449.12,0
1,49.0,154.88000000000002,0
4,16.0,784.4600000000002,0
1,77.0,34.8,0
4,19.0,1094.59,0
1,134.0,196.88,3
3,12.0,974.0399999999998,0
1,40.0,149.30999999999997,0
3,235.0,44534.3,1
8,2.0,2465.48,2
7,39.0,2637.38,2
1,304.0,79.2,1
3,51.0,458.57,0
6,10.0,2364.25,0
4,61.0,532.96,0
2,65.0,714.4200000000001,0
1,24.0,205.25,0
3,218.0,253.04,1
2,65.0,583.75,0
2,31.0,1086.92,0
6,88.0,3279.97,0
1,64.0,315.06,0
3,115.0,621.8299999999999,3
26,7.0,56252.72,2
1,5.0,635.6800000000001,0
1,68.0,270.79999999999995,0
1,245.0,104.9,1
1,133.0,241.62,3
4,241.0,1047.11,1
3,183.0,475.28,3
3,25.0,345.46000000000004,0
3,9.0,2614.74,0
1,10.0,246.3,0
5,32.0,2328.9700000000003,0
3,46.0,4932.2,0
3,26.0,948.05,0
1,358.0,351.3,1
1,10.0,220.85,0
2,43.0,1612.69,0
3,14.0,965.61,0
1,149.0,610.01,3
8,1.0,2711.56,2
4,113.0,2207.4,3
3,75.0,884.14,0
2,107.0,699.0799999999999,3
3,46.0,1063.95,0
1,142.0,451.42,3
1,51.0,415.8200000000001,0
13,0.0,4206.389999999999,2
17,23.0,5528.4800000000005,2
3,46.0,784.5799999999999,0
3,50.0,903.9,0
4,306.0,3734.97,1
5,36.0,515.77,0
4,78.0,1391.98,0
6,22.0,2218.62,0
5,107.0,1801.14,3
2,207.0,1303.91,3
4,16.0,1945.33,0
5,63.0,2100.6,0
4,49.0,1905.4500000000005,0
1,319.0,206.98,1
2,44.0,570.96,0
2,3.0,885.4699999999999,0
1,372.0,15.0,1
1,172.0,532.94,3
3,56.0,1654.3100000000002,0
14,73.0,1836.09,2
2,99.0,636.1399999999998,3
1,37.0,576.0,0
3,58.0,801.76,0
1,254.0,836.7900000000001,1
4,70.0,2233.75,0
4,44.0,954.09,0
1,50.0,137.37,0
1,64.0,391.98,0
19,11.0,33643.079999999994,2
3,33.0,1048.49,0
2,58.0,355.55999999999995,0
4,72.0,1224.0600000000004,0
1,303.0,118.95,1
1,46.0,130.73999999999998,0
8,17.0,3711.77,2
2,38.0,389.2699999999999,0
2,19.0,238.85,0
2,186.0,160.70999999999998,3
1,51.0,110.8,0
12,4.0,2974.65,2
5,136.0,712.24,3
27,4.0,16387.57,2
1,18.0,297.0,0
5,15.0,1438.85,0
8,40.0,977.2099999999998,2
8,12.0,3165.36,2
4,8.0,832.88,0
2,25.0,68.84,0
6,22.0,1936.32,0
3,40.0,895.13,0
1,101.0,230.53,3
15,5.0,3812.64,2
2,277.0,149.64,1
1,32.0,354.09,0
2,14.0,360.93,0
7,63.0,4405.88,2
2,1.0,493.28,0
1,369.0,343.28,1
5,312.0,501.39,1
4,198.0,516.36,3
2,2.0,396.48,0
3,92.0,379.35,3
1,60.0,181.09000000000003,0
1,80.0,168.31,0
2,156.0,446.87,3
1,226.0,524.52,1
2,253.0,263.55,1
1,149.0,179.17000000000002,3
2,194.0,222.05,3
5,1.0,1388.88,0
1,368.0,56.25,1
1,23.0,351.11000000000007,0
3,16.0,363.88000000000005,0
7,9.0,5126.76,2
1,8.0,164.68,0
7,19.0,1567.6899999999998,2
3,3.0,967.45,0
1,173.0,191.94,3
8,0.0,1232.18,2
2,178.0,264.62,3
8,16.0,1528.09,2
1,247.0,123.1,1
2,190.0,334.23,3
2,19.0,639.8900000000001,0
4,154.0,167.5,3
1,172.0,336.03000000000003,3
1,373.0,369.50000000000006,1
1,372.0,127.08,1
1,194.0,207.15,3
1,67.0,426.63000000000005,0
8,4.0,2495.870000000001,2
3,21.0,1107.4600000000005,0
2,239.0,416.86,1
1,64.0,145.35000000000002,0
5,112.0,404.58,3
15,89.0,6115.009999999999,2
1,311.0,35.8,1
1,133.0,337.44,3
1,276.0,325.1,1
1,365.0,181.0,1
1,82.0,1708.24,0
2,8.0,955.24,0
2,16.0,364.72,0
4,31.0,1765.51,0
2,8.0,708.22,0
4,33.0,806.5699999999999,0
8,15.0,1659.38,2
14,24.0,4416.26,2
1,31.0,428.89,0
1,74.0,104.35,0
2,19.0,470.7600000000001,0
4,17.0,845.64,0
2,23.0,418.83,0
3,2.0,666.0999999999999,0
1,303.0,314.1,1
12,17.0,4199.85,2
1,366.0,307.82,1
7,39.0,3442.15,2
1,84.0,371.01,0
2,165.0,430.94,3
2,17.0,1054.73,0
1,77.0,1098.78,0
3,88.0,2398.86,0
8,24.0,3408.48,2
4,22.0,1475.02,0
10,2.0,2837.67,2
2,123.0,1142.42,3
1,30.0,168.12,0
7,12.0,1451.2799999999995,2
1,19.0,158.03,0
2,44.0,792.1100000000001,0
1,3.0,41.99,0
7,8.0,2797.57,2
1,54.0,427.0700000000001,0
6,88.0,1060.68,0
5,36.0,3089.97,0
3,2.0,12393.7,0
5,29.0,2735.37,0
4,12.0,615.3900000000001,0
1,211.0,101.4,1
4,47.0,1701.94,0
3,23.0,478.78,0
4,22.0,992.7100000000002,0
3,245.0,407.50000000000006,1
16,8.0,3362.71,2
3,35.0,1415.29,0
47,3.0,37130.600000000006,2
3,37.0,662.3800000000001,0
3,3.0,705.39,0
8,3.0,1508.7600000000002,2
1,47.0,211.88,0
2,39.0,408.9,0
9,46.0,3786.24,2
3,16.0,851.01,0
1,260.0,628.2800000000002,1
3,46.0,719.81,0
1,12.0,251.24,0
1,29.0,439.66,0
1,43.0,236.09,0
6,91.0,934.62,0
63,38.0,81024.84,2
1,309.0,331.24,1
2,92.0,548.94,3
20,5.0,8816.4,2
3,196.0,437.7000000000001,3
2,87.0,758.92,0
3,269.0,855.0200000000002,1
3,7.0,471.78,0
3,65.0,1313.5500000000002,0
3,30.0,3166.4,0
5,22.0,1197.2700000000002,0
4,37.0,773.99,0
4,119.0,1340.7,3
2,373.0,256.44000000000005,1
3,40.0,1111.79,0
1,173.0,137.89999999999998,3
1,54.0,362.06,0
2,32.0,1511.9500000000005,0
1,145.0,783.9000000000001,3
1,220.0,134.8,1
1,45.0,664.8500000000001,0
7,16.0,2263.12,2
6,65.0,1459.86,0
4,9.0,1153.62,0
1,260.0,335.32000000000005,1
1,365.0,372.09,1
5,16.0,1521.8700000000003,0
2,22.0,852.15,0
1,44.0,326.24,0
1,288.0,584.32,1
1,297.0,122.4,1
10,3.0,2234.73,2
1,283.0,79.2,1
3,16.0,1352.0000000000002,0
2,81.0,217.16000000000005,0
5,56.0,2806.9,0
2,100.0,1317.62,3
1,299.0,436.18,1
5,23.0,981.51,0
5,59.0,1121.39,0
2,154.0,315.06,3
3,114.0,817.86,3
1,106.0,17.0,3
4,11.0,1078.2299999999998,0
1,264.0,320.62,1
1,240.0,185.05,1
7,87.0,2005.63,0
3,50.0,731.8999999999997,0
1,70.0,1290.6999999999998,0
3,42.0,1842.14,0
6,7.0,1429.64,0
1,61.0,302.36,0
1,248.0,336.96,1
1,65.0,108.38,0
7,17.0,3204.16,2
1,84.0,842.5,0
2,218.0,611.8800000000001,1
3,45.0,1337.48,0
4,143.0,195.74,3
1,183.0,161.38,3
1,170.0,135.75000000000003,3
8,9.0,1667.97,2
1,211.0,612.7800000000001,1
1,189.0,232.21,3
2,8.0,423.36,0
4,59.0,1309.14,0
2,57.0,867.1099999999999,0
4,73.0,684.42,0
1,51.0,307.78000000000003,0
1,317.0,249.0,1
1,367.0,289.35,1
4,29.0,6287.77,0
1,39.0,656.25,0
5,17.0,1880.22,0
6,51.0,3506.540000000001,0
33,3.0,14589.04,2
2,21.0,618.09,0
1,262.0,517.5500000000001,1
3,59.0,709.3800000000002,0
3,18.0,635.4100000000001,0
2,65.0,725.1800000000001,0
1,88.0,620.4,0
1,249.0,535.3399999999999,1
6,3.0,2424.94,0
1,246.0,175.2,1
11,8.0,3799.49,2
3,157.0,734.1299999999999,3
1,133.0,375.0,3
1,296.0,76.32000000000001,1
2,4.0,280.52000000000004,0
5,42.0,2053.02,0
1,268.0,1829.04,1
5,49.0,1824.23,0
9,8.0,3122.04,2
3,15.0,656.6899999999999,0
1,281.0,348.2000000000001,1
2,65.0,1025.44,0
19,1.0,5575.56,2
1,252.0,37.4,1
2,232.0,856.6000000000001,1
3,17.0,822.48,0
27,10.0,3787.6,2
4,8.0,1822.9700000000005,0
6,50.0,1885.0500000000004,0
1,59.0,73.19999999999999,0
5,95.0,1140.2100000000005,3
6,15.0,1418.3200000000002,0
3,126.0,1009.55,3
4,94.0,1037.59,3
1,50.0,331.95,0
1,138.0,197.9,3
1,60.0,215.83,0
8,100.0,10254.18,2
1,73.0,305.5400000000001,0
4,72.0,6617.65,0
1,67.0,338.7100000000001,0
6,64.0,1158.79,0
2,16.0,529.4100000000001,0
12,22.0,4006.940000000001,2
15,31.0,6911.4400000000005,2
4,44.0,981.86,0
2,15.0,215.48,0
1,40.0,215.08,0
13,2.0,5180.52,2
1,236.0,314.45000000000005,1
1,75.0,400.681,0
2,4.0,1080.62,0
4,3.0,1863.4700000000005,0
1,360.0,365.27,1
4,58.0,592.9,0
1,23.0,405.71,0
4,30.0,761.38,0
4,54.0,537.0600000000001,0
1,25.0,394.38,0
2,44.0,664.26,0
5,88.0,2262.6199999999994,0
18,1.0,21086.300000000003,2
1,88.0,547.0200000000001,0
2,19.0,690.3399999999999,0
1,78.0,159.0,0
3,170.0,1062.75,3
1,80.0,242.35,0
1,267.0,914.9299999999998,1
2,235.0,304.25000000000006,1
7,29.0,3084.6800000000003,2
3,36.0,864.86,0
1,318.0,846.72,1
4,57.0,1295.3,0
5,44.0,1096.3200000000002,0
3,203.0,255.12,3
1,225.0,314.22,1
2,87.0,1010.5999999999998,0
2,189.0,542.03,3
4,43.0,990.88,0
3,71.0,536.68,0
5,40.0,867.3099999999998,0
1,78.0,432.19999999999993,0
2,56.0,414.2,0
2,24.0,3718.8,0
13,9.0,2607.8700000000003,2
7,8.0,3603.21,2
2,33.0,409.1,0
2,211.0,1522.7500000000002,1
3,23.0,1413.66,0
1,170.0,114.56,3
1,61.0,152.94000000000003,0
5,52.0,1800.0700000000002,0
2,261.0,389.44000000000005,1
2,66.0,3683.86,0
8,16.0,2619.91,2
1,266.0,752.4300000000002,1
1,176.0,46.95,3
5,45.0,5203.510000000001,0
1,50.0,1035.45,0
4,17.0,746.83,0
9,9.0,5447.0,2
7,73.0,861.89,0
2,71.0,667.6500000000001,0
1,353.0,1141.2399999999996,1
5,2.0,1429.2400000000002,0
1,116.0,411.7,3
1,373.0,357.94999999999993,1
1,196.0,559.87,3
1,176.0,810.6,3
1,100.0,566.38,3
3,21.0,1509.5800000000002,0
1,72.0,2062.0600000000004,0
1,339.0,168.3,1
5,5.0,1570.81,0
2,31.0,823.97,0
1,169.0,142.5,3
1,121.0,302.25,3
10,21.0,2248.99,2
4,9.0,1328.5500000000004,0
1,268.0,301.90000000000003,1
3,22.0,598.1999999999999,0
1,126.0,233.22,3
3,25.0,5360.630000000001,0
1,138.0,361.2199999999999,3
6,213.0,632.27,3
4,37.0,2560.0,0
2,106.0,706.57,3
2,17.0,616.26,0
2,3.0,274.15000000000003,0
1,330.0,226.37,1
8,64.0,2938.91,2
3,119.0,1341.65,3
1,35.0,328.15,0
1,217.0,404.4,1
2,172.0,1038.46,3
5,72.0,373.6500000000001,0
2,1.0,326.74999999999994,0
1,196.0,207.50000000000003,3
3,128.0,428.68,3
3,46.0,594.24,0
14,5.0,3110.96,2
6,14.0,3844.22,2
3,17.0,251.91,0
7,28.0,1593.2,2
22,7.0,26626.8,2
1,36.0,151.05,0
1,157.0,214.8,3
1,284.0,109.95000000000002,1
1,107.0,549.07,3
4,24.0,1971.87,0
4,75.0,322.41,0
2,16.0,370.48,0
1,158.0,101.1,3
1,44.0,575.4100000000001,0
2,11.0,887.6500000000001,0
7,32.0,1469.45,2
1,290.0,53.5,1
4,21.0,1116.47,0
1,332.0,153.9,1
2,17.0,494.44,0
23,3.0,6675.710000000001,2
2,63.0,395.8,0
3,197.0,211.77,3
3,33.0,658.88,0
4,1.0,2027.5,0
9,7.0,1750.9200000000003,2
6,4.0,3512.53,2
4,9.0,896.6600000000001,0
5,32.0,734.77,0
1,53.0,109.36,0
2,11.0,707.0399999999998,0
9,17.0,1540.42,2
1,18.0,327.3,0
2,37.0,804.49,0
2,2.0,497.43,0
3,18.0,1553.66,0
4,82.0,1320.56,0
2,33.0,367.93,0
2,66.0,473.03,0
2,8.0,987.01,0
1,267.0,676.2,1
3,247.0,362.9500000000001,1
4,4.0,2157.4000000000005,0
1,61.0,1780.59,0
2,74.0,668.3599999999998,0
2,89.0,584.5,0
3,60.0,555.89,0
2,28.0,317.2,0
1,322.0,94.36,1
4,53.0,1382.07,0
1,269.0,221.19,1
13,2.0,3046.21,2
5,56.0,1555.34,0
5,60.0,1486.9,0
2,154.0,1705.8,3
2,19.0,408.57,0
1,94.0,303.93,3
12,1.0,4098.32,2
2,264.0,299.6,1
1,312.0,177.5,1
1,70.0,443.05000000000007,0
2,302.0,167.25,1
1,18.0,163.07000000000002,0
10,12.0,2126.9300000000003,2
5,36.0,2028.88,0
2,19.0,214.65,0
1,53.0,151.83,0
1,56.0,262.2,0
2,21.0,126.25,0
1,44.0,210.35,0
3,26.0,1051.4,0
3,44.0,675.2700000000002,0
6,112.0,972.23,3
51,17.0,34684.4,2
1,24.0,346.12,0
1,191.0,133.56,3
1,302.0,302.69999999999993,1
10,2.0,1908.25,2
2,263.0,241.06,1
1,106.0,284.55,3
1,57.0,300.85,0
3,213.0,642.8100000000001,1
1,64.0,287.4,0
1,28.0,184.26,0
7,29.0,1522.2500000000002,2
5,5.0,798.35,0
5,7.0,3640.67,0
2,67.0,381.2,0
3,1.0,616.79,0
4,46.0,654.6700000000001,0
1,33.0,230.51,0
2,0.0,168472.5,0
1,135.0,259.01,3
1,198.0,188.89,3
2,197.0,707.69,3
1,149.0,311.92,3
1,87.0,266.97,0
2,44.0,6.9,0
7,63.0,1841.1800000000003,0
5,99.0,2158.3700000000003,3
1,218.0,208.36,1
18,2.0,3482.7400000000007,2
3,28.0,814.72,0
1,177.0,151.41999999999996,3
3,73.0,136.0,0
4,21.0,1422.4,0
3,19.0,1314.68,0
7,33.0,1603.46,2
1,74.0,74.9,0
4,23.0,650.4300000000001,0
4,51.0,762.39,0
1,274.0,223.95,1
3,164.0,316.11,3
7,7.0,1871.5,2
4,88.0,544.3,0
7,63.0,2494.46,0
3,25.0,331.0,0
2,10.0,300.8299999999999,0
1,75.0,769.29,0
1,15.0,220.62,0
1,192.0,139.35,3
2,173.0,404.30000000000007,3
1,77.0,363.65,0
3,33.0,498.8,0
1,46.0,731.5,0
4,79.0,1351.63,0
1,296.0,826.5299999999999,1
3,3.0,684.41,0
3,8.0,1599.52,0
6,49.0,2965.69,0
2,161.0,100.97,3
2,360.0,365.4500000000001,1
6,4.0,400.86,0
4,106.0,1431.9299999999998,3
1,25.0,484.38000000000005,0
1,31.0,777.6,0
2,19.0,90.3,0
1,296.0,363.7000000000001,1
1,372.0,248.1,1
3,21.0,950.26,0
4,4.0,874.5899999999999,0
5,52.0,1627.13,0
1,30.0,101.7,0
1,277.0,162.70000000000005,1
2,61.0,484.3200000000001,0
2,25.0,215.08,0
3,186.0,1046.57,3
21,1.0,9418.47,2
26,2.0,13027.45,2
1,171.0,290.36,3
1,81.0,228.06000000000003,0
1,3.0,244.41000000000005,0
1,190.0,455.25,3
7,22.0,1244.59,2
3,17.0,6748.8,0
3,19.0,1095.5600000000002,0
1,5.0,593.75,0
1,110.0,548.97,3
4,2.0,1388.81,0
1,53.0,119.62,0
1,164.0,339.3,3
2,290.0,787.15,1
10,10.0,4154.639999999999,2
5,108.0,2298.97,3
3,95.0,922.12,3
2,242.0,379.73,1
12,163.0,5719.82,3
3,42.0,837.0999999999999,0
2,35.0,285.89,0
7,66.0,3313.79,2
2,24.0,281.85,0
20,0.0,8338.490000000002,2
2,26.0,841.41,0
2,5.0,511.12000000000006,0
1,53.0,1077.74,0
1,364.0,173.7,1
5,15.0,614.6600000000001,0
2,194.0,865.5999999999999,3
1,3.0,124.2,0
10,15.0,3738.4,2
3,26.0,1421.69,0
3,127.0,1009.6,3
2,84.0,663.61,0
1,71.0,451.44,0
1,182.0,105.84,3
1,113.0,313.61999999999995,3
1,373.0,233.45,1
2,80.0,936.0799999999998,0
1,248.0,463.95,1
1,232.0,225.14999999999995,1
3,71.0,459.24,0
1,68.0,213.5,0
16,4.0,4113.68,2
3,50.0,330.03000000000003,0
1,75.0,181.09,0
1,61.0,360.16,0
2,15.0,250.15,0
1,4.0,90.04000000000002,0
1,285.0,145.05,1
6,4.0,813.5199999999999,0
1,40.0,244.79999999999995,0
1,36.0,528.0799999999999,0
2,74.0,482.47,0
14,17.0,3347.71,2
7,15.0,5493.460000000001,2
1,219.0,75.66,1
1,186.0,129.49,3
4,32.0,1187.66,0
1,70.0,618.5900000000001,0
1,182.0,506.19,3
2,15.0,500.42,0
1,235.0,151.85000000000002,1
5,31.0,2647.59,0
1,263.0,226.21,1
2,3.0,178.96,0
4,51.0,813.4800000000001,0
1,245.0,129.45,1
2,80.0,810.5699999999999,0
1,274.0,333.08,1
17,0.0,4413.1,2
1,79.0,322.80000000000007,0
5,29.0,2188.05,0
2,73.0,417.73,0
6,17.0,2883.1000000000004,0
2,222.0,217.9,1
4,32.0,1154.4700000000005,0
10,22.0,1680.72,2
3,31.0,1257.51,0
1,105.0,231.1,3
2,4.0,688.33,0
1,245.0,487.51,1
2,177.0,833.78,3
2,169.0,214.06,3
1,42.0,290.66,0
1,71.0,518.4200000000001,0
7,58.0,6773.97,2
2,16.0,1212.6600000000003,0
4,141.0,601.2699999999999,3
6,17.0,3794.52,2
15,22.0,8625.800000000001,2
4,9.0,933.62,0
1,368.0,123.24,1
1,189.0,39.12,3
4,16.0,1267.65,0
1,362.0,135.39999999999998,1
1,19.0,118.98,0
2,68.0,570.13,0
6,15.0,306.72,0
3,23.0,1374.87,0
11,16.0,4095.9,2
3,28.0,1692.27,0
20,2.0,8134.94,2
2,54.0,319.61,0
4,33.0,1592.12,0
12,2.0,3109.99,2
1,366.0,129.75,1
1,43.0,183.7,0
6,72.0,1770.34,0
5,4.0,1028.0,0
28,4.0,66653.56,2
2,61.0,324.24,0
7,47.0,3062.83,2
4,1.0,1260.86,0
2,75.0,422.6,0
2,72.0,225.58,0
2,256.0,1276.0,1
2,68.0,482.01,0
4,135.0,657.9,3
1,241.0,112.75,1
2,226.0,1998.0,1
13,8.0,5076.550000000001,2
13,8.0,5398.299999999999,2
20,0.0,14034.990000000002,2
3,37.0,531.3499999999999,0
1,45.0,656.6300000000001,0
5,84.0,3029.8700000000003,0
10,19.0,2483.04,2
5,3.0,1651.03,0
11,9.0,3645.43,2
15,18.0,6923.13,2
3,218.0,1161.53,1
1,78.0,301.72,0
2,266.0,901.2,1
6,23.0,3858.38,0
1,369.0,623.7500000000002,1
7,14.0,1790.42,2
1,26.0,155.24,0
1,262.0,292.47,1
13,17.0,4730.81,2
2,91.0,589.15,3
7,302.0,781.02,1
5,26.0,1382.02,0
1,364.0,272.81999999999994,1
4,46.0,1054.67,0
21,38.0,7239.92,2
3,52.0,743.11,0
1,31.0,603.7499999999999,0
3,52.0,650.51,0
5,78.0,2300.56,0
1,53.0,417.6,0
1,297.0,3.75,1
1,176.0,323.00000000000006,3
1,46.0,464.9,0
7,29.0,2238.09,2
7,11.0,1304.76,2
17,86.0,7194.3,2
18,4.0,6697.66,2
2,37.0,836.06,0
5,17.0,1515.9,0
5,44.0,623.9300000000001,0
1,30.0,1764.7199999999998,0
1,372.0,207.5,1
1,58.0,223.92,0
1,372.0,2002.4,1
3,114.0,1496.83,3
1,214.0,239.40000000000003,1
1,318.0,106.83,1
1,65.0,369.34,0
3,7.0,789.79,0
1,96.0,316.62,3
3,19.0,1501.38,0
1,198.0,611.8500000000001,3
13,3.0,2799.25,2
1,294.0,34.0,1
2,273.0,1145.5999999999997,1
11,30.0,5580.6,2
3,47.0,478.0899999999999,0
1,260.0,380.39,1
5,57.0,770.1,0
5,33.0,2246.8100000000004,0
1,57.0,171.58999999999995,0
4,67.0,661.52,0
11,10.0,1695.66,2
1,60.0,388.28,0
2,80.0,226.35,0
2,74.0,245.94,0
22,2.0,10629.72,2
2,100.0,425.19,3
1,372.0,311.25,1
13,10.0,2279.9,2
1,19.0,107.6,0
2,123.0,597.4799999999999,3
1,8.0,80.8,0
6,3.0,1545.62,0
7,29.0,1721.7799999999995,2
2,282.0,110.37999999999998,1
1,57.0,243.84,0
10,1.0,1222.7099999999998,2
1,365.0,414.88,1
1,89.0,305.61999999999995,0
1,11.0,1201.4899999999998,0
4,163.0,1619.7299999999998,3
1,65.0,332.3,0
3,23.0,536.99,0
2,173.0,460.5899999999999,3
4,103.0,801.4900000000001,3
3,142.0,1121.59,3
2,99.0,288.42,3
5,23.0,914.69,0
1,192.0,309.54,3
2,4.0,547.0699999999999,0
1,360.0,479.3500000000001,1
10,8.0,1692.98,2
21,14.0,6509.1,2
4,103.0,417.06000000000006,3
9,2.0,1604.75,2
11,10.0,3349.57,2
1,95.0,497.61,3
1,227.0,358.37999999999994,1
2,15.0,460.64,0
2,38.0,775.1800000000001,0
1,51.0,341.70000000000005,0
2,93.0,128.5,3
1,156.0,197.22,3
1,38.0,325.91,0
3,184.0,199.15,3
4,1.0,1106.53,0
1,227.0,413.46,1
2,128.0,180.85,3
2,39.0,251.87000000000003,0
11,31.0,3170.98,2
2,197.0,588.85,3
34,8.0,16594.35,2
6,36.0,1869.82,0
3,100.0,1264.19,3
16,42.0,10196.570000000002,2
1,50.0,214.32,0
1,43.0,193.44,0
1,52.0,281.42,0
1,186.0,124.57,3
1,333.0,332.41,1
3,4.0,342.45000000000005,0
2,10.0,144.91,0
2,23.0,328.4000000000001,0
1,14.0,35.400000000000006,0
1,368.0,375.69000000000005,1
2,144.0,747.81,3
2,59.0,173.76,0
2,31.0,502.8,0
3,140.0,207.74,3
4,22.0,825.4200000000001,0
6,22.0,2812.34,0
3,77.0,680.02,0
6,4.0,7123.620000000001,2
5,67.0,2095.53,0
6,12.0,853.7199999999999,0
1,84.0,13.3,0
7,30.0,1519.08,2
1,66.0,432.0,0
3,66.0,705.12,0
2,187.0,276.73,3
2,37.0,429.84,0
3,15.0,471.51,0
1,35.0,194.88,0
3,194.0,1578.67,3
5,1.0,809.7,0
5,1.0,525.5400000000001,0
1,366.0,145.93,1
1,64.0,219.14,0
2,299.0,289.78,1
3,26.0,508.81,0
6,7.0,1281.56,0
3,16.0,887.1099999999999,0
1,116.0,1706.88,3
1,29.0,373.24,0
16,4.0,3754.27,2
7,5.0,3102.4300000000003,2
4,81.0,579.7700000000003,0
5,29.0,981.65,0
1,72.0,379.14,0
8,4.0,1510.06,2
11,28.0,2575.38,2
1,290.0,113.44,1
1,36.0,208.45999999999995,0
6,9.0,621.6800000000001,0
2,23.0,576.2600000000001,0
1,276.0,391.52,1
6,49.0,1068.8200000000002,0
11,156.0,2596.4500000000007,3
1,61.0,169.79000000000002,0
19,12.0,7247.610000000001,2
3,21.0,846.75,0
1,371.0,230.25,1
3,115.0,543.0500000000001,3
17,80.0,2847.6,2
7,3.0,1295.39,2
3,26.0,380.55,0
21,5.0,4604.22,2
1,53.0,161.93999999999997,0
2,1.0,563.23,0
2,54.0,950.93,0
1,25.0,262.68,0
4,8.0,2736.38,0
3,52.0,3049.88,0
9,12.0,1920.59,2
3,211.0,816.73,3
19,21.0,4345.5,2
1,235.0,406.48,1
3,138.0,435.02,3
6,3.0,1286.2700000000002,0
3,56.0,1178.56,0
3,134.0,1277.7500000000002,3
2,109.0,167.61,3
1,30.0,20.8,0
9,0.0,2085.08,2
4,184.0,518.67,3
1,17.0,308.74,0
2,239.0,416.64,1
1,87.0,117.35,0
3,38.0,507.05,0
1,116.0,234.17,3
1,187.0,110.55,3
1,226.0,201.19,1
7,8.0,2154.9700000000003,2
1,189.0,319.02,3
2,4.0,439.43,0
3,39.0,650.4100000000001,0
1,38.0,357.21,0
1,267.0,251.52,1
1,77.0,344.3299999999999,0
6,3.0,1852.0,0
2,255.0,1078.9600000000005,1
1,60.0,384.06,0
7,12.0,1931.25,2
2,88.0,4481.35,0
10,17.0,5464.12,2
2,29.0,1873.2,0
7,3.0,1625.0500000000002,2
1,5.0,126.12,0
6,7.0,1133.25,0
1,218.0,179.0,1
5,10.0,1614.3099999999995,0
6,30.0,1456.9600000000005,0
3,288.0,702.0,1
4,149.0,295.0,3
2,23.0,484.82,0
11,0.0,3989.57,2
3,85.0,1493.7300000000002,0
2,46.0,1412.9400000000005,0
4,4.0,781.7800000000001,0
6,50.0,889.9299999999998,0
1,18.0,195.36,0
1,30.0,270.9,0
3,8.0,586.3299999999999,0
3,28.0,1842.56,0
20,2.0,8694.26,2
2,40.0,920.1,0
4,11.0,1272.61,0
1,31.0,71.0,0
3,45.0,95.85,0
3,60.0,357.77,0
2,185.0,154.83,3
6,78.0,890.2900000000001,0
2,110.0,716.0,3
1,63.0,146.87000000000003,0
2,11.0,380.35,0
3,86.0,1030.14,0
3,16.0,745.5200000000001,0
2,245.0,433.53,1
1,87.0,1267.32,0
1,30.0,112.40000000000002,0
1,137.0,449.73,3
3,26.0,1081.57,0
5,2.0,1044.38,0
4,32.0,1735.18,0
1,25.0,948.48,0
3,113.0,339.43999999999994,3
1,157.0,642.0199999999999,3
3,85.0,1100.9,0
3,117.0,925.35,3
9,2.0,5659.98,2
6,96.0,3228.84,3
1,194.0,247.14,3
1,28.0,413.75,0
1,130.0,498.48,3
5,28.0,1356.3300000000002,0
3,81.0,1179.89,0
5,29.0,3095.04,0
1,266.0,234.24,1
11,73.0,5232.23,2
4,313.0,538.37,1
7,21.0,1461.14,2
3,58.0,859.35,0
21,12.0,4552.139999999999,2
9,28.0,2709.7,2
1,114.0,312.14,3
9,28.0,2429.03,2
4,17.0,1446.09,0
4,17.0,834.1199999999999,0
3,36.0,841.08,0
2,36.0,378.2000000000001,0
1,78.0,118.8,0
2,22.0,287.62,0
2,25.0,290.16,0
2,33.0,2003.85,0
3,109.0,1405.78,3
2,35.0,2949.75,0
5,123.0,1566.65,3
6,7.0,2050.08,0
4,28.0,1991.01,0
7,4.0,2043.9500000000005,2
9,2.0,3827.7600000000007,2
4,50.0,1777.7800000000002,0
1,322.0,301.99999999999994,1
3,22.0,1324.16,0
4,15.0,1022.13,0
8,2.0,954.42,2
2,18.0,971.74,0
4,10.0,1621.73,0
1,261.0,25.5,1
2,159.0,665.7799999999999,3
6,33.0,10815.43,2
6,29.0,885.0400000000001,0
1,165.0,163.3,3
1,47.0,248.61,0
8,5.0,808.62,2
3,8.0,837.4999999999997,0
1,288.0,116.2,1
1,317.0,157.02,1
2,3.0,606.91,0
1,233.0,307.46000000000004,1
1,119.0,138.32,3
1,161.0,345.29999999999995,3
1,185.0,298.89,3
1,50.0,259.35,0
5,152.0,1004.75,3
1,334.0,157.08999999999995,1
5,5.0,2463.17,0
7,15.0,4892.240000000001,2
2,106.0,425.0,3
7,16.0,1139.73,2
1,275.0,380.5,1
12,15.0,10668.47,2
1,247.0,465.32,1
1,239.0,578.9999999999999,1
2,1.0,984.57,0
3,105.0,749.7800000000001,3
4,22.0,1714.59,0
1,51.0,124.88,0
3,194.0,1689.5,3
1,24.0,213.78,0
1,75.0,329.34,0
2,17.0,251.69999999999996,0
2,7.0,318.99999999999994,0
3,32.0,1266.97,0
3,21.0,1538.88,0
6,31.0,3518.03,0
10,28.0,1715.46,2
2,21.0,293.1,0
7,32.0,2467.3499999999995,2
1,284.0,158.68,1
2,38.0,206.34,0
2,57.0,835.7800000000002,0
1,289.0,224.91,1
1,78.0,317.76,0
8,5.0,3766.6,2
1,217.0,59.9,1
4,44.0,1443.69,0
1,201.0,306.13,3
3,178.0,711.79,3
4,56.0,796.03,0
2,57.0,239.92,0
6,7.0,3347.3099999999995,2
2,46.0,144.0,0
1,226.0,203.95,1
7,11.0,2474.23,2
2,106.0,384.4,3
2,58.0,444.74,0
7,28.0,2095.13,2
7,35.0,1699.2999999999995,2
2,273.0,262.62,1
1,29.0,1013.01,0
3,23.0,692.22,0
1,53.0,342.63,0
6,35.0,3563.8499999999995,0
4,175.0,1564.56,3
1,53.0,384.08,0
1,53.0,204.24,0
8,26.0,2317.2200000000003,2
1,253.0,226.85,1
7,40.0,2781.2300000000005,2
6,60.0,1069.12,0
1,234.0,113.5,1
10,4.0,1960.72,2
1,31.0,114.23,0
14,24.0,3198.25,2
2,7.0,335.13000000000005,0
1,65.0,354.15,0
2,310.0,426.79,1
1,308.0,393.49,1
6,18.0,939.32,0
8,15.0,1906.09,2
2,96.0,318.76000000000005,3
8,264.0,3638.41,1
10,12.0,3174.32,2
2,2.0,421.52,0
1,35.0,190.88,0
1,182.0,149.89,3
2,25.0,550.0600000000002,0
6,12.0,916.13,0
2,11.0,314.69,0
17,2.0,3744.65,2
1,312.0,382.50000000000006,1
2,108.0,1135.04,3
26,1.0,8676.849999999999,2
1,53.0,954.9,0
1,204.0,171.45000000000002,3
1,15.0,282.19,0
1,120.0,318.65000000000003,3
2,3.0,384.52,0
1,362.0,283.28,1
2,116.0,353.86,3
1,18.0,178.26,0
2,4.0,272.44,0
2,40.0,298.41,0
2,107.0,240.0,3
2,148.0,603.37,3
5,52.0,1253.36,0
1,208.0,63.440000000000005,3
2,138.0,562.9000000000002,3
3,2.0,310.64,0
2,127.0,317.61999999999995,3
4,107.0,763.64,3
4,42.0,2148.630000000001,0
1,35.0,111.98000000000002,0
2,227.0,1065.35,1
1,241.0,246.04,1
1,57.0,187.83,0
3,130.0,1703.4100000000003,3
6,60.0,1652.58,0
1,21.0,153.92000000000002,0
7,26.0,1064.11,2
7,9.0,1419.73,2
3,31.0,944.41,0
2,3.0,525.24,0
1,308.0,550.8000000000001,1
9,8.0,1875.11,2
3,28.0,556.95,0
1,17.0,131.78,0
2,101.0,498.42,3
4,11.0,669.1099999999999,0
1,21.0,197.63,0
5,14.0,1135.63,0
1,361.0,250.04,1
19,10.0,8631.310000000001,2
1,95.0,82.75,3
2,78.0,1384.85,0
3,138.0,644.3,3
1,31.0,2328.84,0
8,24.0,2527.92,2
38,1.0,6292.26,2
3,46.0,2600.34,0
3,100.0,1200.62,3
2,8.0,700.8599999999999,0
7,15.0,921.07,2
4,17.0,990.23,0
1,280.0,96.8,1
2,14.0,523.11,0
2,22.0,363.9,0
1,123.0,175.2,3
1,85.0,494.25,0
2,302.0,307.02000000000004,1
4,151.0,2027.87,3
8,17.0,6643.93,2
2,94.0,243.36,3
11,29.0,12353.29,2
3,156.0,781.3599999999999,3
1,355.0,193.64,1
1,46.0,160.57000000000002,0
4,15.0,537.7400000000001,0
15,3.0,2676.56,2
1,86.0,228.96,0
5,14.0,1159.52,0
1,179.0,110.75,3
4,8.0,1286.0700000000002,0
3,36.0,587.15,0
2,129.0,1740.0,3
1,50.0,1393.06,0
1,311.0,178.21999999999997,1
2,24.0,388.13999999999993,0
2,303.0,365.85,1
1,11.0,127.86,0
3,17.0,585.7900000000001,0
3,49.0,488.2000000000001,0
2,239.0,312.23,1
11,0.0,4481.18,2
8,12.0,4801.56,2
1,238.0,168.39999999999998,1
8,23.0,1912.6700000000003,2
4,72.0,446.18,0
3,17.0,423.88999999999993,0
8,40.0,1342.68,2
4,40.0,646.9200000000001,0
2,218.0,495.7699999999999,1
3,199.0,400.1,3
2,70.0,203.2,0
20,23.0,4100.92,2
1,11.0,404.66,0
29,8.0,20275.61,2
1,65.0,65.4,0
1,4.0,199.29,0
2,19.0,336.4,0
1,14.0,261.11,0
6,7.0,2686.4200000000005,0
2,19.0,784.1099999999999,0
4,77.0,1259.5600000000002,0
34,0.0,31833.68,2
2,163.0,508.8,3
2,306.0,457.91,1
1,219.0,203.86999999999995,1
8,39.0,7330.8,2
2,22.0,696.4100000000001,0
3,114.0,653.38,3
5,126.0,2129.96,3
13,4.0,2633.8499999999995,2
1,36.0,281.62,0
15,4.0,31906.82,2
3,1.0,1031.41,0
3,333.0,2200.42,1
1,163.0,32.65,3
2,184.0,771.8499999999999,3
5,16.0,1214.72,0
3,12.0,778.9399999999999,0
7,2.0,1258.0600000000002,2
2,43.0,778.0,0
1,79.0,507.8399999999999,0
7,29.0,6893.42,2
2,42.0,463.46,0
12,11.0,4226.57,2
3,50.0,598.83,0
6,16.0,1979.37,0
2,46.0,698.41,0
2,19.0,759.1700000000001,0
6,8.0,5037.26,2
1,71.0,100.8,0
28,0.0,17256.85,2
3,128.0,524.9200000000001,3
2,32.0,265.76000000000005,0
1,313.0,403.3,1
2,18.0,365.76,0
1,88.0,303.16,0
7,2.0,2373.82,2
2,1.0,216.3,0
1,253.0,388.4500000000001,1
3,156.0,186.42,3
6,36.0,2248.56,0
1,219.0,534.24,1
3,147.0,2940.04,3
2,176.0,120.9,3
2,40.0,541.53,0
7,2.0,2520.86,2
46,8.0,194550.79,2
7,1.0,1721.4,2
2,17.0,486.72,0
4,192.0,517.53,3
1,203.0,131.7,3
1,365.0,249.86,1
5,126.0,1737.7,3
1,15.0,316.49999999999994,0
2,43.0,657.3,0
6,94.0,622.43,3
3,22.0,757.4599999999999,0
2,60.0,675.6899999999999,0
5,16.0,1896.41,0
1,158.0,289.96000000000004,3
2,10.0,763.28,0
2,10.0,137.0,0
5,16.0,1870.9700000000005,0
5,44.0,1125.07,0
3,191.0,710.29,3
1,79.0,194.36999999999995,0
1,77.0,511.82,0
4,3.0,1255.59,0
3,65.0,414.04,0
1,261.0,396.87,1
2,58.0,376.63999999999993,0
7,0.0,2092.32,2
10,1.0,3558.8700000000003,2
1,248.0,374.57,1
2,7.0,497.56000000000006,0
1,358.0,271.05,1
1,75.0,272.22,0
1,289.0,622.8799999999999,1
3,17.0,1138.0,0
2,220.0,288.6,1
4,9.0,689.0999999999999,0
2,2.0,558.9599999999999,0
9,206.0,2997.03,3
2,161.0,1145.84,3
1,75.0,302.20000000000005,0
2,261.0,605.58,1
1,280.0,387.31,1
8,57.0,6115.139999999999,2
1,24.0,308.48,0
31,2.0,91062.38,2
10,28.0,2924.99,2
1,72.0,513.2,0
1,128.0,208.65,3
4,31.0,639.02,0
5,15.0,768.08,0
1,308.0,153.94,1
6,17.0,1844.02,0
1,53.0,546.81,0
3,29.0,723.21,0
5,1.0,1070.71,0
4,11.0,652.74,0
1,361.0,145.0,1
1,359.0,422.7,1
4,4.0,1195.9,0
4,53.0,939.37,0
8,1.0,3628.5,2
10,1.0,2385.0,2
1,190.0,296.7,3
1,53.0,223.36,0
1,280.0,164.39999999999998,1
1,177.0,76.5,3
2,29.0,897.62,0
1,25.0,98.42,0
2,24.0,578.9,0
1,269.0,170.75,1
3,43.0,645.96,0
1,233.0,103.3,1
2,23.0,148.86,0
3,197.0,267.1600000000001,3
1,359.0,306.84000000000003,1
4,60.0,930.41,0
1,129.0,1487.6,3
5,1.0,1952.45,0
2,19.0,483.26,0
1,205.0,157.9,3
3,14.0,541.4599999999999,0
4,94.0,854.95,3
1,19.0,167.61999999999998,0
7,14.0,1122.38,2
3,24.0,454.01,0
2,8.0,901.21,0
8,7.0,4331.48,2
1,332.0,344.14,1
4,50.0,1498.51,0
4,71.0,226.75,0
3,29.0,380.6,0
1,242.0,185.65,1
19,8.0,3622.68,2
1,218.0,143.45999999999998,1
3,4.0,448.8999999999999,0
3,252.0,215.72,1
25,0.0,11045.04,2
1,236.0,175.27,1
2,7.0,1242.3000000000002,0
4,109.0,1133.07,3
3,100.0,1240.2,3
4,60.0,2404.17,0
3,2.0,1479.22,0
7,73.0,2225.9700000000003,0
5,3.0,3927.3400000000006,0
2,85.0,993.18,0
2,12.0,388.79,0
7,23.0,2827.9300000000003,2
1,213.0,2044.37,1
1,17.0,161.67000000000002,0
1,239.0,116.01,1
6,2.0,5102.97,2
1,78.0,394.72,0
2,217.0,309.36,1
2,33.0,193.42,0
5,40.0,1112.2199999999998,0
15,7.0,3984.22,2
6,53.0,2048.45,0
14,22.0,4559.150000000001,2
1,57.0,390.0700000000001,0
3,130.0,329.6000000000001,3
3,173.0,571.2,3
3,5.0,971.5800000000002,0
1,312.0,218.51999999999995,1
1,59.0,81.44,0
3,21.0,1379.9,0
1,32.0,527.05,0
2,14.0,843.48,0
4,18.0,2047.0,0
1,81.0,75.75000000000001,0
8,5.0,1814.12,2
2,169.0,503.6,3
3,1.0,528.3300000000002,0
4,31.0,1324.84,0
9,36.0,2361.9700000000003,2
1,19.0,285.55999999999995,0
2,31.0,547.0600000000001,0
1,276.0,108.5,1
1,86.0,621.6600000000001,0
2,119.0,712.29,3
1,373.0,101.55,1
11,1.0,2895.64,2
3,219.0,1008.39,1
1,65.0,133.06,0
4,60.0,1797.5,0
1,138.0,868.49,3
1,21.0,166.07999999999998,0
10,11.0,3945.0,2
12,25.0,4867.72,2
4,36.0,1207.56,0
1,277.0,117.55,1
7,10.0,2638.9400000000005,2
5,73.0,1674.6900000000005,0
2,25.0,595.42,0
12,17.0,2999.46,2
1,141.0,196.0,3
7,25.0,1802.9100000000003,2
2,18.0,604.64,0
2,3.0,728.1599999999999,0
5,66.0,2055.51,0
2,1.0,347.75,0
7,42.0,3406.72,2
1,227.0,205.7,1
4,15.0,1572.7100000000005,0
2,50.0,3178.17,0
6,1.0,1629.12,0
2,74.0,551.04,0
31,1.0,20374.28,2
6,4.0,1387.68,0
30,1.0,16363.23,2
1,263.0,298.11,1
2,52.0,1992.11,0
1,23.0,184.4,0
6,10.0,2474.3299999999995,0
1,43.0,239.41,0
7,16.0,3191.53,2
7,7.0,5739.460000000001,2
15,30.0,4757.95,2
2,358.0,290.4,1
4,127.0,740.9399999999999,3
1,137.0,200.47,3
1,141.0,283.12,3
2,131.0,765.3400000000001,3
8,38.0,2285.7100000000005,2
1,236.0,338.95000000000005,1
1,260.0,154.95,1
4,16.0,2534.6400000000003,0
1,252.0,417.9500000000001,1
4,30.0,1824.37,0
3,35.0,798.74,0
2,168.0,885.1899999999999,3
9,3.0,1823.52,2
17,4.0,10504.49,2
2,185.0,152.39999999999998,3
2,187.0,267.08000000000004,3
1,169.0,137.45,3
2,10.0,385.1,0
1,44.0,522.91,0
1,320.0,153.0,1
1,200.0,326.4,3
11,22.0,5655.99,2
1,232.0,139.35,1
15,37.0,5396.04,2
4,26.0,1195.94,0
4,96.0,2424.04,3
6,127.0,3276.4,3
3,71.0,1033.0,0
11,16.0,3439.0800000000004,2
1,15.0,1060.25,0
3,3.0,2876.01,0
13,3.0,5298.4800000000005,2
4,79.0,1240.11,0
1,372.0,303.97,1
2,38.0,692.1899999999999,0
3,53.0,700.63,0
19,2.0,13110.02,2
3,9.0,377.44,0
2,9.0,168.24,0
4,19.0,1879.05,0
7,11.0,2791.3500000000004,2
2,113.0,355.11,3
6,3.0,2322.4,0
1,240.0,110.25,1
1,112.0,71.4,3
2,178.0,674.52,3
9,5.0,1797.5700000000002,2
1,359.0,80.64,1
5,0.0,1772.2599999999998,0
30,1.0,5605.290000000001,2
8,19.0,3456.7,2
3,17.0,834.99,0
2,21.0,287.59000000000003,0
1,32.0,712.78,0
1,263.0,15.0,1
2,50.0,818.82,0
3,158.0,371.88,3
1,15.0,271.20000000000005,0
3,8.0,2273.18,0
10,12.0,3997.980000000001,2
5,198.0,1143.2699999999998,3
2,56.0,245.81000000000003,0
2,10.0,182.77,0
4,96.0,1225.41,3
1,254.0,56.4,1
3,24.0,665.8600000000001,0
3,21.0,658.57,0
2,159.0,188.02,3
2,72.0,283.4699999999999,0
1,53.0,131.94,0
2,85.0,278.74,0
4,152.0,1865.19,3
2,73.0,1117.9,0
1,281.0,225.9,1
14,26.0,1965.55,2
1,29.0,106.1,0
1,25.0,323.04,0
2,179.0,350.39,3
4,40.0,697.9000000000001,0
3,22.0,780.4300000000002,0
10,22.0,3055.9300000000003,2
9,37.0,1199.01,2
3,82.0,1285.04,0
1,73.0,512.31,0
1,11.0,546.04,0
12,16.0,5411.91,2
39,4.0,7837.73,2
4,12.0,732.16,0
5,14.0,1770.88,0
4,36.0,36.56,0
3,4.0,387.68,0
7,71.0,3704.87,2
1,51.0,298.4,0
5,5.0,1995.46,0
4,22.0,1820.09,0
1,298.0,889.24,1
3,1.0,398.69999999999993,0
1,33.0,35.400000000000006,0
1,49.0,155.37,0
3,2.0,350.64,0
1,47.0,110.21,0
8,42.0,1593.38,2
5,26.0,2779.3,0
1,42.0,338.79999999999995,0
124,1.0,40991.57,2
1,303.0,205.48,1
1,106.0,51.56,3
1,85.0,2033.1,0
9,81.0,901.2,2
4,218.0,605.8000000000001,1
34,372.0,5391.210000000001,1
2,11.0,114.34,0
2,185.0,311.26,3
1,372.0,208.97,1
4,1.0,1418.0300000000002,0
23,4.0,26879.04,2
12,5.0,5155.66,2
1,304.0,148.21,1
1,368.0,252.8,1
8,3.0,2100.8,2
1,323.0,330.9,1
6,59.0,3160.0,0
3,12.0,597.5,0
20,30.0,10526.32,2
1,142.0,329.65,3
6,30.0,1197.1000000000004,0
5,107.0,428.18,3
12,2.0,1894.35,2
1,204.0,155.90000000000003,3
5,80.0,1859.1600000000003,0
6,185.0,683.4600000000002,3
1,170.0,237.61,3
1,43.0,379.45,0
1,173.0,178.52,3
1,364.0,458.92,1
1,304.0,133.35,1
4,3.0,671.77,0
4,3.0,717.45,0
1,12.0,190.19,0
3,31.0,899.61,0
1,129.0,111.35,3
8,21.0,726.05,2
2,212.0,203.87,1
2,322.0,602.0900000000001,1
1,162.0,203.86,3
3,56.0,244.1,0
1,225.0,112.25,1
8,71.0,1119.81,2
1,44.0,98.0,0
1,23.0,256.32,0
3,172.0,566.6,3
2,85.0,152.06,0
1,159.0,155.79999999999998,3
2,190.0,112.2,3
1,29.0,110.38,0
1,21.0,191.66999999999996,0
4,71.0,800.24,0
1,247.0,72.9,1
1,373.0,243.28,1
1,9.0,366.23,0
5,310.0,311.01,1
2,58.0,411.6,0
1,3.0,336.43,0
3,45.0,341.28000000000003,0
1,88.0,1304.04,0
17,4.0,4204.1,2
4,64.0,826.52,0
1,282.0,207.50000000000003,1
7,11.0,2962.500000000001,2
1,372.0,244.08,1
2,133.0,397.29,3
2,45.0,212.54,0
4,11.0,843.0,0
5,35.0,1740.4799999999998,0
2,134.0,408.36,3
3,29.0,1331.57,0
2,51.0,704.25,0
2,138.0,145.79000000000002,3
1,5.0,389.84,0
7,8.0,4301.22,2
1,159.0,99.14,3
10,49.0,4106.4400000000005,2
1,130.0,304.56,3
1,7.0,77.50000000000001,0
2,233.0,149.58,1
1,37.0,176.67999999999998,0
1,147.0,358.56000000000006,3
45,1.0,58510.48000000001,2
3,72.0,482.2,0
3,39.0,1008.5400000000004,0
12,5.0,2332.7200000000003,2
4,198.0,557.3,3
1,249.0,12.75,1
1,66.0,111.68,0
1,116.0,508.46,3
1,171.0,73.78,3
39,21.0,1296.44,2
1,142.0,102.83,3
2,31.0,471.69999999999993,0
14,37.0,2622.57,2
5,37.0,1098.4299999999998,0
1,371.0,123.07,1
1,373.0,277.35,1
2,166.0,228.2,3
1,211.0,582.59,1
1,241.0,136.04,1
1,51.0,337.04,0
3,24.0,740.79,0
13,15.0,4488.81,2
1,372.0,353.19000000000005,1
1,29.0,288.14,0
1,365.0,300.92,1
4,35.0,757.7099999999998,0
3,165.0,811.45,3
1,145.0,152.68,3
1,22.0,634.9499999999999,0
1,56.0,20.8,0
1,185.0,198.57,3
7,11.0,201.12,2
3,236.0,630.84,1
2,225.0,93.35,1
4,121.0,678.49,3
1,281.0,76.1,1
8,74.0,1970.67,2
2,37.0,382.06000000000006,0
2,12.0,417.23,0
1,362.0,169.46999999999997,1
2,3.0,249.72,0
1,23.0,444.68,0
9,70.0,2116.19,2
1,235.0,257.34,1
1,256.0,174.79999999999998,1
1,373.0,102.79,1
2,155.0,187.29,3
1,28.0,166.42,0
1,4.0,120.03000000000002,0
5,32.0,1483.56,0
3,81.0,523.0,0
2,108.0,122.14,3
1,51.0,38.45,0
1,35.0,668.1099999999999,0
2,152.0,389.78,3
1,98.0,115.31,3
2,4.0,230.65,0
1,334.0,73.5,1
1,65.0,97.97,0
2,21.0,422.88,0
3,35.0,730.4000000000002,0
3,32.0,405.62,0
6,154.0,70.02,3
2,19.0,357.2,0
21,11.0,4183.39,2
1,53.0,165.04999999999998,0
3,24.0,559.51,0
10,4.0,2088.6,2
1,45.0,189.4,0
2,203.0,172.29000000000002,3
1,359.0,74.4,1
1,70.0,300.0200000000001,0
10,7.0,6784.1900000000005,2
1,288.0,363.65,1
1,9.0,170.16,0
3,23.0,306.46,0
10,21.0,2119.41,2
3,173.0,720.5200000000001,3
2,133.0,814.0,3
14,5.0,2392.83,2
1,75.0,318.0,0
1,40.0,396.33,0
1,289.0,101.7,1
5,26.0,2036.67,0
2,257.0,453.0,1
1,185.0,247.44,3
12,114.0,3877.52,2
1,373.0,489.6,1
10,23.0,2611.75,2
11,8.0,2633.01,2
2,217.0,336.13,1
4,45.0,3651.9699999999993,0
2,18.0,1231.5,0
3,36.0,343.45,0
1,25.0,703.37,0
1,16.0,90.48,0
2,330.0,689.9499999999999,1
1,274.0,101.34,1
2,98.0,4055.72,3
1,61.0,167.66999999999996,0
11,2.0,9068.26,2
4,93.0,2106.52,3
7,81.0,3017.3,0
2,312.0,580.05,1
3,11.0,911.15,0
6,7.0,2697.8000000000006,0
1,127.0,168.31000000000003,3
2,11.0,223.65,0
60,0.0,259657.3,2
1,37.0,754.6400000000001,0
1,37.0,113.48000000000002,0
1,329.0,430.7,1
1,254.0,271.0,1
26,1.0,8052.969999999999,2
1,19.0,236.3,0
2,12.0,352.69,0
1,368.0,76.32000000000001,1
1,290.0,220.1,1
8,67.0,1418.03,2
1,25.0,320.72,0
26,10.0,5653.82,2
1,367.0,181.12,1
1,214.0,111.15,1
2,149.0,673.1,3
6,8.0,1826.21,0
2,24.0,589.44,0
4,29.0,1142.99,0
1,60.0,206.83,0
3,19.0,348.73,0
1,243.0,112.55,1
3,15.0,1059.39,0
1,212.0,931.5,1
5,29.0,681.91,0
3,63.0,784.3299999999998,0
1,295.0,152.65,1
6,17.0,8438.34,2
2,157.0,1019.52,3
2,116.0,1000.16,3
12,7.0,2888.7500000000005,2
4,12.0,2861.55,0
2,140.0,160.34999999999997,3
2,45.0,179.33999999999995,0
3,50.0,612.08,0
3,32.0,566.5800000000002,0
2,134.0,653.3499999999999,3
2,3.0,399.19,0
3,75.0,371.62000000000006,0
2,12.0,734.94,0
2,9.0,453.4,0
1,301.0,530.1500000000001,1
2,57.0,638.0600000000002,0
5,15.0,1618.69,0
1,37.0,399.65,0
1,177.0,302.46000000000004,3
3,23.0,1384.86,0
6,176.0,1169.94,3
1,60.0,202.65000000000003,0
3,33.0,980.31,0
5,58.0,1231.31,0
20,14.0,7561.68,2
4,86.0,2106.8400000000006,0
1,7.0,104.0,0
1,358.0,476.35,1
6,31.0,1341.42,0
4,128.0,1590.81,3
6,9.0,1793.1700000000003,0
6,4.0,1843.7500000000005,0
1,24.0,382.7999999999999,0
2,227.0,632.0700000000002,1
1,15.0,49.8,0
1,249.0,304.25,1
3,15.0,2001.04,0
2,77.0,1090.2400000000002,0
2,192.0,284.46,3
1,261.0,207.8,1
1,71.0,957.97,0
1,165.0,243.76,3
1,82.0,973.84,0
2,95.0,689.1300000000001,3
17,4.0,5425.560000000001,2
1,106.0,163.8,3
3,199.0,1396.9900000000002,3
1,157.0,160.42000000000002,3
3,71.0,1993.7000000000005,0
2,36.0,517.3599999999999,0
1,28.0,139.10000000000002,0
6,1.0,2621.38,0
5,25.0,600.0700000000002,0
1,326.0,248.42,1
1,236.0,232.48,1
1,89.0,299.34,0
1,31.0,481.75,0
2,29.0,621.7500000000001,0
2,211.0,662.08,1
10,2.0,2069.77,2
1,226.0,305.28,1
5,22.0,1041.61,0
1,92.0,443.0,3
14,4.0,6484.540000000001,2
1,263.0,158.95000000000002,1
12,3.0,5509.120000000001,2
11,44.0,5228.050000000001,2
1,217.0,93.75,1
2,56.0,779.9,0
20,11.0,7276.9,2
7,9.0,2810.2,2
5,192.0,2083.2699999999995,3
4,81.0,592.97,0
1,325.0,440.0,1
3,71.0,1796.48,0
6,29.0,882.2399999999999,0
5,2.0,987.1,0
5,218.0,1561.61,1
1,46.0,422.58,0
17,9.0,2073.09,2
4,72.0,2232.49,0
7,7.0,2567.0600000000004,2
2,23.0,596.0999999999999,0
2,122.0,804.02,3
1,17.0,95.34,0
1,310.0,349.27000000000004,1
1,87.0,4314.72,0
2,50.0,526.6700000000001,0
1,89.0,103.3,0
8,39.0,2337.630000000001,2
3,24.0,2338.6000000000004,0
6,172.0,2643.2,3
2,43.0,324.24,0
1,140.0,149.48,3
3,25.0,1213.16,0
2,72.0,801.5100000000001,0
1,134.0,25.5,3
1,366.0,168.6,1
2,38.0,283.15000000000003,0
6,2.0,3078.5800000000004,2
3,2.0,204.0,0
1,30.0,175.92000000000002,0
1,43.0,335.8599999999999,0
1,58.0,110.38,0
1,73.0,173.89999999999998,0
1,277.0,180.6,1
1,180.0,80.82,3
2,7.0,178.05,0
16,3.0,2094.88,2
3,42.0,1837.28,0
